"","row","baseMean","log2FoldChange","lfcSE","stat","pvalue","padj"
"1","STK11",1109.32709629169,0.939438872703154,0.129300555466958,7.2655439824713,3.71540012650487e-13,5.05888881224903e-09
"2","TPGS2",647.345448978535,1.15226911462102,0.166573832036976,6.91746777107968,4.59787941556407e-12,3.13023630611602e-08
"3","AMFR",766.407972487578,0.863537935854016,0.126891481015332,6.80532632249502,1.00820442573718e-11,4.22047088907395e-08
"4","TFRC",491.130282812341,1.06179201394713,0.157463402896879,6.74310344126426,1.55038745113988e-11,4.22047088907395e-08
"5","SLC1A5",732.542586507084,1.51514265643785,0.226339368096096,6.69411896473338,2.16974854755564e-11,4.22047088907395e-08
"6","SLC7A5",633.889984128537,1.55700873941334,0.230779880549418,6.74672651578884,1.51217914410498e-11,4.22047088907395e-08
"7","TSTA3",518.002111893937,1.64463763974157,0.245491387744622,6.69937000581233,2.09319977773514e-11,4.22047088907395e-08
"8","NUDT4",798.339603569637,1.19250111952998,0.17898308063493,6.66264719156504,2.68938742793216e-11,4.57733740234054e-08
"9","CTSB",4704.3014844606,0.942727859768066,0.144109849018807,6.54173095167865,6.08108321779671e-11,7.52727537213818e-08
"10","SNX3",894.255491960036,1.10338675620455,0.168568263309277,6.54563756274889,5.92420972557292e-11,7.52727537213818e-08
"11","PITHD1",1062.14630754863,1.67886810605208,0.255740355945101,6.56473672232034,5.21248758336504e-11,7.52727537213818e-08
"12","TMEM183A",358.016543823176,0.636399473816463,0.0996903111142298,6.38376454746186,1.72786694000897e-10,1.82949209302696e-07
"13","HK1",1680.17211817411,0.926823597301489,0.145271803490278,6.37992765997094,1.77171653968541e-10,1.82949209302696e-07
"14","RNF123",914.269442742296,1.09958838160848,0.172886934692396,6.3601589302563,2.01545104255321e-10,1.82949209302696e-07
"15","ELOF1",405.231229359605,1.18016594647294,0.18527593092769,6.36977474928215,1.89306015448817e-10,1.82949209302696e-07
"16","SLC2A1",801.196009140116,0.974020076531419,0.153674316473732,6.33820991615023,2.32449989445355e-10,1.97814941017997e-07
"17","APOBEC3C",483.535018374727,0.695614977617413,0.110403912709217,6.30063700232739,2.96424868549503e-10,2.37418882951178e-07
"18","ABCB10",292.419026010945,0.823051548666317,0.131336671737212,6.2667306684392,3.68707057040862e-10,2.78906404926021e-07
"19","ATG9A",612.234725729912,0.706380158128519,0.113297756024732,6.23472328943853,4.52577360274231e-10,3.24331228289154e-07
"20","TFDP1",549.075784450382,1.09699661203701,0.176702772297472,6.20814601703167,5.36133254530195e-10,3.64999519684157e-07
"21","AIDA",320.079459462497,0.652698987908343,0.105482712369645,6.18773421014316,6.10351245067823e-10,3.77964902695619e-07
"22","YY1AP1",526.024386131757,0.691526791628658,0.111759280639766,6.18764533620845,6.10695348068714e-10,3.77964902695619e-07
"23","BSG",9273.50578926664,1.44333510759906,0.235668785012541,6.12442206770091,9.10133463830304e-10,5.3879901058754e-07
"24","KAT2B",931.423966929418,0.802371783972353,0.131369837951729,6.10773215893879,1.01056754786267e-09,5.7332865548742e-07
"25","ASNA1",256.983690558099,0.767117109001283,0.126173135673296,6.07987670994879,1.20274991710881e-09,6.5506571485414e-07
"26","CREG1",624.3155580644,1.06085829737372,0.174950033980634,6.06377874434223,1.32960034521821e-09,6.75654719539836e-07
"27","TMEM158",175.490505265663,2.6407306044108,0.435580800409144,6.06255051170837,1.33979710837071e-09,6.75654719539836e-07
"28","DENND4A",960.344002448531,0.658992587010252,0.109049777537679,6.04304384557372,1.51233533688189e-09,6.86398598232795e-07
"29","CHPT1",420.179190976877,0.889125976927028,0.147120727482894,6.04351264528927,1.50794551265773e-09,6.86398598232795e-07
"30","TRAK2",1010.21012800458,1.08805516379056,0.179882177039871,6.04871022630214,1.4601000597031e-09,6.86398598232795e-07
"31","CDYL",460.393470367418,0.904118608133683,0.150609159125694,6.0030785204712,1.93610926879115e-09,8.50389154963234e-07
"32","NTAN1",85.8220479844886,0.864847509165399,0.14427680126942,5.99436292984066,2.04284686912557e-09,8.69231342812929e-07
"33","PPDPF",1010.31952909193,1.17449327911864,0.196400325875228,5.98009842338442,2.23002836277564e-09,9.20123217804641e-07
"34","UBE2H",1453.69666715783,1.01528446308578,0.170590334701627,5.95159429672011,2.65542954302878e-09,1.06342143111411e-06
"35","HPS1",1820.34170819041,1.00797327231365,0.169533509849097,5.94556954085862,2.75497257412198e-09,1.07176304483557e-06
"36","RNF187",730.850551885223,0.931991515211323,0.156925125355346,5.93908408931262,2.86618833112642e-09,1.08405611990604e-06
"37","FAM104A",457.958262837129,1.19509912925717,0.201773305787016,5.92297937824674,3.16160503761209e-09,1.15733378982565e-06
"38","PRDX2",228.696433631144,1.20660283890462,0.203836505346479,5.9194639196431,3.22992685174608e-09,1.15733378982565e-06
"39","OSBP2",1793.67958593911,1.80666349796453,0.306017564268405,5.90379020329671,3.55243870090397e-09,1.24025654747458e-06
"40","OAZ1",5770.18824392165,0.96363228482664,0.163650109513378,5.88836932460389,3.90024755687153e-09,1.32764426835907e-06
"41","GID4",242.048510642153,1.01727450143622,0.174311886767563,5.83594452621989,5.34866908046304e-09,1.77627995608743e-06
"42","MAP2K3",4926.63203361929,1.24780814732493,0.214253994563542,5.82396678235494,5.74670030515889e-09,1.86302550845342e-06
"43","SPECC1",1599.12611193238,1.19842301721055,0.205916478857174,5.81994711575169,5.88662497942333e-09,1.86400664464716e-06
"44","RNF14",260.750633836393,0.936573592226692,0.161301006172466,5.80637166779537,6.38411628875903e-09,1.97559380426689e-06
"45","BMP2K",468.732829986246,0.722467215012373,0.125037569314874,5.77800111575292,7.55933073878271e-09,2.28728549642812e-06
"46","LGALS3",738.267859282849,1.33302373201403,0.231175269030764,5.76629038911874,8.10353849604871e-09,2.39864739483042e-06
"47","CNPPD1",1059.22689759068,1.00058612591747,0.174019763271129,5.74984189789135,8.93269410058001e-09,2.58782048667016e-06
"48","HMBS",153.953373524148,1.15557299614195,0.201544800675709,5.73357879869746,9.83333495583814e-09,2.78938934913942e-06
"49","RGS10",344.128107196574,0.976740317044088,0.170971417366889,5.71288658704918,1.11075709864223e-08,3.08654462349236e-06
"50","FGFR1OP2",408.564853694643,0.572657407664874,0.10036507031866,5.70574409848649,1.15835920276417e-08,3.15444378096738e-06
"51","CR1L",84.4263218374566,1.57666333777996,0.27802864662298,5.67086649858058,1.42077081752756e-08,3.79317950028535e-06
"52","ECSIT",295.956127636645,0.842054597140092,0.148580743657194,5.66731984518051,1.45048431700418e-08,3.7980373962171e-06
"53","ANKRD9",243.701184931621,1.40683220535623,0.249118448774235,5.64724215439852,1.63042103601453e-08,4.18864392950449e-06
"54","BCAM",118.925498816411,2.53431477353234,0.449093596381126,5.64317726628544,1.66940305641664e-08,4.20936889188315e-06
"55","CLEC16A",890.658617091456,0.490543895397818,0.0871680256048583,5.62756689731054,1.82769289660413e-08,4.52470299639307e-06
"56","CIZ1",627.419030772294,0.580549260042962,0.103508177392393,5.6087284567106,2.0381852063581e-08,4.95570174460213e-06
"57","GNAS",4771.34219177005,0.768490001330696,0.137544082679072,5.5872269192692,2.30724161274971e-08,5.51147399985967e-06
"58","THEM5",52.212422873805,1.36794404161928,0.246254235000661,5.5550071722243,2.77600362306893e-08,6.51690781581148e-06
"59","STOML2",199.535282296038,0.694901163739036,0.125309975241993,5.54545767323848,2.93186256136306e-08,6.76614248059652e-06
"60","AP2S1",305.305731263883,0.738468584114066,0.133539622487747,5.52995860222551,3.20306368078516e-08,7.14965820943783e-06
"61","NUSAP1",54.0037642191075,1.53079719495707,0.276810276942249,5.53013136602741,3.19991066073199e-08,7.14965820943783e-06
"62","CLTB",349.095272341,0.739415555600914,0.134215759430554,5.50915599433391,3.6055827992859e-08,7.91832506372208e-06
"63","AP2B1",1273.70352694468,0.516503828686131,0.0938300209148173,5.50467562140943,3.69848611600746e-08,7.99342650088216e-06
"64","PHOSPHO1",6823.01551902155,1.12673565578399,0.205428463939043,5.48480787023906,4.13919031741277e-08,8.80612740029566e-06
"65","NCOA4",6594.40847974946,0.844297762780435,0.154479865932608,5.46542267941094,4.61805058252709e-08,9.67375026641367e-06
"66","FBXO9",914.761127371187,0.961400806854882,0.176007240310801,5.46227987642555,4.70058215730017e-08,9.69744343239381e-06
"67","ZMAT2",490.443029011922,0.900120695604284,0.164945229949793,5.45708836732209,4.84005512649859e-08,9.83614785110519e-06
"68","DCAF10",358.37223245322,0.561650746040482,0.103103961478941,5.44742159257576,5.1105231230064e-08,1.00847656293993e-05
"69","FAM214B",782.694774548937,0.83517540701529,0.153276409032592,5.44881898190674,5.07053869313911e-08,1.00847656293993e-05
"70","SLC25A39",20183.3407683834,1.4156793299014,0.260249408229112,5.43970239753669,5.33696469901833e-08,1.02849917122421e-05
"71","MYL4",282.196331345976,1.50059954290899,0.27590467785956,5.43883327586356,5.36306118955047e-08,1.02849917122421e-05
"72","ANKH",1158.69151768821,0.72411339172467,0.13372018141904,5.41513916628268,6.12410550927918e-08,1.14581658663231e-05
"73","EPOR",183.721480976966,0.785800389890256,0.145191920579821,5.41214956556932,6.22726405778427e-08,1.14581658663231e-05
"74","GRINA",2134.45917114099,1.21297124914396,0.224027952831934,5.41437456268652,6.15033006927258e-08,1.14581658663231e-05
"75","CDC27",360.531924289309,0.557980493892856,0.103232366365633,5.40509254545782,6.47749394355773e-08,1.17596743380643e-05
"76","ABCC4",259.364927887649,0.936387001601164,0.173473342690202,5.39787258998874,6.74357271784368e-08,1.20816429113368e-05
"77","BPGM",851.225874783948,1.56767540385999,0.290616948417667,5.39430137297764,6.87906753831944e-08,1.21643355326958e-05
"78","RNF10",7427.80475930345,1.29321034138377,0.240172869176535,5.38449803184564,7.26470988512702e-08,1.26815756148576e-05
"79","SLC6A8",2214.07707237992,1.54615862178325,0.287317393555117,5.38136101908724,7.39247668427231e-08,1.27412610801331e-05
"80","HDGF",2055.22695327947,1.15063343476126,0.214088837423608,5.37456061982602,7.67696529828922e-08,1.30661949376883e-05
"81","WASF2",4113.44530800688,0.694022809894902,0.129270881927207,5.3687481631456,7.92850390134917e-08,1.33277171754037e-05
"82","CDIPT",522.583280393479,0.666029941298845,0.124176483063768,5.36357549244508,8.15905283417962e-08,1.35480077305109e-05
"83","CUL4A",696.692906813819,0.451035773964021,0.084131898966153,5.36105543208382,8.27371223837164e-08,1.35728754021287e-05
"84","UCP2",2533.9848062252,0.499510092098856,0.0936040581554703,5.33641491557131,9.48023270469492e-08,1.4911810512231e-05
"85","METTL9",735.516583838953,0.665463533372726,0.124820160688382,5.33137859863903,9.74699717676671e-08,1.4911810512231e-05
"86","NUCB1",1166.56140347316,0.693193681905649,0.129987589470434,5.33276818756086,9.67267597776628e-08,1.4911810512231e-05
"87","DCUN1D1",432.354466041958,0.695615076370041,0.130377642019318,5.33538623337714,9.53413923853986e-08,1.4911810512231e-05
"88","POLL",524.313205597956,0.882757973470687,0.165492218592816,5.33413583416064,9.6000641513716e-08,1.4911810512231e-05
"89","SLC6A9",168.653292070395,1.57962118811115,0.296179556395429,5.3333228239501,9.64316506777054e-08,1.4911810512231e-05
"90","JTB",452.878311889985,0.498446002862417,0.0936246152956076,5.32387771408874,1.01578206649831e-07,1.52469684586068e-05
"91","FIS1",438.664583519947,0.754681879342504,0.141769499022017,5.3233021527804,1.01900273922827e-07,1.52469684586068e-05
"92","TMEM86B",51.6819857051468,1.33424558698159,0.250786591321186,5.32024292029554,1.03628788573992e-07,1.53370607089509e-05
"93","STIL",201.888745932758,1.27885676378383,0.240585262560999,5.31560724115255,1.06302219832738e-07,1.55635594112103e-05
"94","ATP5F1B",1270.37762879631,0.443880485279823,0.0835834776792162,5.31062475030515,1.09250071081491e-07,1.58249890196339e-05
"95","RAB11B",807.23044087412,0.692724722293832,0.130677739866585,5.30101548282872,1.15160320935074e-07,1.6333572185958e-05
"96","PNPLA2",1174.18822690539,0.84712538226831,0.159800742973938,5.30113544219548,1.15084666825137e-07,1.6333572185958e-05
"97","FAM117A",1003.82789599778,0.834376289662472,0.15747196013854,5.2985705450571,1.1671278382035e-07,1.63831058195658e-05
"98","BCL2L1",3847.54138662264,1.5223019981735,0.287571800776044,5.29364142821165,1.19904430901784e-07,1.66593748077418e-05
"99","AP2M1",2149.98052820128,0.825467191634204,0.156009009925556,5.29115076128039,1.21549115271431e-07,1.67173005407657e-05
"100","RAD23A",829.204461416077,1.05243011637589,0.199450743276463,5.27664173663718,1.31572755961331e-07,1.79149464516948e-05
"101","CSDE1",2160.99151603079,0.409341258413748,0.0776523512216018,5.27145993616579,1.35342833886307e-07,1.81352600745205e-05
"102","JUND",1670.95062846639,0.698045683488189,0.132437203956742,5.27076729674986,1.35854621592325e-07,1.81352600745205e-05
"103","TBC1D22B",245.95914775816,0.849221261239081,0.161517652257155,5.25776129959481,1.45819619470801e-07,1.92765042593633e-05
"104","E2F4",682.270308425298,0.555149571460063,0.105817468415075,5.24629420619341,1.55189014995796e-07,2.01243202684072e-05
"105","SLC48A1",511.260169224783,1.04023442965036,0.198217950307881,5.24793253100752,1.53815604463251e-07,2.01243202684072e-05
"106","FAM210B",2717.32936668955,1.42920339863303,0.272962963120058,5.23588761748759,1.64193842311761e-07,2.10911637444994e-05
"107","CISD2",78.1082478428971,1.04993297129888,0.200755793849885,5.2299012206042,1.69600636302487e-07,2.15820772326604e-05
"108","MCOLN1",593.755202125981,1.01021614905698,0.193541763572466,5.21962872720611,1.79282167725636e-07,2.26028332940024e-05
"109","SLC38A5",1062.03768241837,1.46781667159431,0.281596650413852,5.21247915924112,1.86333507114428e-07,2.32763030538537e-05
"110","BNIP3L",4294.03253079168,1.14825852716607,0.220426753227374,5.20925210009158,1.89603348542283e-07,2.34694472159247e-05
"111","BAG6",2655.77803113371,0.969567642258843,0.186212293413474,5.20678642900324,1.92139017548571e-07,2.35690528192914e-05
"112","FZD5",61.1551594665773,1.14470892725961,0.219945794799523,5.20450472036981,1.94514680426599e-07,2.36474275775765e-05
"113","MIIP",290.13886416525,0.595749071492111,0.114685514431704,5.19463224666339,2.05124916241813e-07,2.47166447747657e-05
"114","AKT1S1",439.268393557415,0.646193545099174,0.124900456819239,5.17366838805379,2.29542063828204e-07,2.73255396710621e-05
"115","PA2G4",147.480668646362,0.809246623766089,0.156447030142907,5.1726557099031,2.30790031005592e-07,2.73255396710621e-05
"116","GUCD1",3121.37179326153,1.11322932423422,0.216275358447322,5.14727767521129,2.64293957365666e-07,3.10226424438871e-05
"117","WNK1",6222.3561415251,0.861621076982005,0.167607708736671,5.14070076774154,2.7371567285262e-07,3.18539538594981e-05
"118","FZR1",746.54684708363,0.501791833467339,0.0977575249077254,5.1330251450309,2.85121797193183e-07,3.2696823749136e-05
"119","GID8",488.629445930259,0.522863719912147,0.101966290677713,5.12780955781527,2.93132740244748e-07,3.2696823749136e-05
"120","PCTP",251.614529702207,0.839333359641267,0.163685066200767,5.12773326927569,2.9325151419413e-07,3.2696823749136e-05
"121","PIP4K2A",3332.51897346363,0.880559524364923,0.171768050673729,5.12644534831179,2.95263712532715e-07,3.2696823749136e-05
"122","AP2A1",2906.8559275597,1.01713344344905,0.198411642737482,5.12637983041558,2.95366430753799e-07,3.2696823749136e-05
"123","HAGH",1358.43803682962,1.08599237550967,0.211782217644015,5.12787328223713,2.93033563032482e-07,3.2696823749136e-05
"124","TFR2",92.8048741048045,1.2506171496714,0.244152454272547,5.12227965677271,3.01863742816655e-07,3.30292621697262e-05
"125","TMOD1",436.316616724345,1.45385919710637,0.283877372707586,5.12143388970965,3.03221046652158e-07,3.30292621697262e-05
"126","UBA52",4917.44162583243,0.960978342296206,0.187835720823991,5.11605746809298,3.11988040066332e-07,3.37145170916125e-05
"127","GALNT6",165.405932103893,0.687122577775913,0.134500913356414,5.10868335856655,3.24411488477694e-07,3.47809986386794e-05
"128","SRRD",157.536483470535,0.983547384263751,0.192721048149139,5.10347672820159,3.33469537017394e-07,3.54728220002253e-05
"129","STRADB",3699.71451761556,1.36348848112422,0.267621439182804,5.09484025378425,3.49035438081696e-07,3.68408257745766e-05
"130","GYPB",92.7678060153362,1.45379621258589,0.28558836581513,5.0905302407416,3.57063618641065e-07,3.7398294087821e-05
"131","ADD1",2270.25142805688,0.472968801420091,0.0930981103925146,5.08032654396517,3.76786632543939e-07,3.89791716520602e-05
"132","ALS2CR12",239.860094832943,0.739420445684074,0.1455616606747,5.07977473090612,3.77882686403639e-07,3.89791716520602e-05
"133","CELF3",17.4571594159318,1.7713180849893,0.34889801794308,5.07689351585332,3.83655739907267e-07,3.92771169517094e-05
"134","IGF2",42.0989566353837,2.74890422638068,0.541936055250381,5.07237745071353,3.9287614216405e-07,3.99209071022814e-05
"135","STMP1",414.205744944732,0.800339668859265,0.158004304077578,5.06530295824288,4.07751349570657e-07,4.09176603922263e-05
"136","IGF2BP2",766.06898579047,1.33676388626372,0.263928972231146,5.06486224291055,4.08695785351261e-07,4.09176603922263e-05
"137","GLRX5",1254.83928105714,1.37949048664931,0.272825140473645,5.05631733297897,4.27429884533481e-07,4.2480914655532e-05
"138","MXI1",1382.1235629473,1.25965490822857,0.249494998227389,5.04881828164155,4.44551341648487e-07,4.38623990426507e-05
"139","CCNI",3816.04515748028,0.65126790645532,0.129216133010101,5.04014391457147,4.65181900946845e-07,4.46941276535283e-05
"140","ACP1",255.090794975985,0.662616679305142,0.13144160515689,5.04114871782215,4.62745664663718e-07,4.46941276535283e-05
"141","USP12",371.072896195115,0.925241894802239,0.183588407194139,5.03976209033626,4.66110908255069e-07,4.46941276535283e-05
"142","RILP",602.642080319403,1.11601114743587,0.221410633482177,5.04045867122144,4.6441741736844e-07,4.46941276535283e-05
"143","TANGO2",846.503191802751,0.651425359215568,0.129367761213122,5.03545360224948,4.76718592894111e-07,4.53916109150085e-05
"144","YIPF6",246.363961767301,0.636496580238503,0.126568330753197,5.02887710101545,4.93360463581738e-07,4.63759917829186e-05
"145","TSPAN5",1108.97706147701,1.1357219046738,0.225848930994353,5.02867956768053,4.93868890167685e-07,4.63759917829186e-05
"146","PSMF1",3555.41110367522,1.09295335164874,0.217508428434357,5.02487815996787,5.03752248770751e-07,4.6980072734675e-05
"147","XPO7",918.004382160105,0.789419526716842,0.157273971153168,5.01939081800148,5.18355966871923e-07,4.70528989661873e-05
"148","NINJ2",172.093614930287,0.899955315880722,0.179179383103727,5.02264992931546,5.09633852528367e-07,4.70528989661873e-05
"149","FKBP8",23127.4418447658,1.28362693506362,0.255711386862868,5.01982704333771,5.17180240499569e-07,4.70528989661873e-05
"150","DNAJC6",125.905670092766,1.29272477627873,0.257452204434507,5.02122240171998,5.13436676078228e-07,4.70528989661873e-05
"151","MAF1",1200.19676164211,0.883273464866059,0.176319752044476,5.00949811138152,5.45721622809072e-07,4.92089113653531e-05
"152","VTI1B",178.483041465212,0.590089922215641,0.117896607315574,5.00514760900748,5.58192404001768e-07,5.00022879795268e-05
"153","C9orf78",1379.2899059905,1.29478743174369,0.259086240829974,4.99751521962678,5.80737565710688e-07,5.16818476778871e-05
"154","B4GALT3",281.815534255103,0.688506654120343,0.137827742817735,4.99541413103478,5.87096428629613e-07,5.19084738455897e-05
"155","EMC3",428.54036365554,0.794886065299842,0.159392232171892,4.98698120020441,6.13300305381452e-07,5.35979792900967e-05
"156","FRMD4A",192.882013980113,0.901813371737464,0.180842402427405,4.98673629432386,6.14077906085127e-07,5.35979792900967e-05
"157","NFIX",1474.82129087489,1.33900563084919,0.268774253201364,4.98189694474198,6.29639667558949e-07,5.46062019967048e-05
"158","PPP6R1",1927.41181164783,0.474283583984212,0.0953504544740802,4.97410931704725,6.55483138460375e-07,5.61324428507954e-05
"159","WDR26",2048.14726823038,0.568493185449138,0.11426901198028,4.97504245111741,6.52333426324986e-07,5.61324428507954e-05
"160","TENT5C",11541.6975779188,1.48505658682595,0.299187049777489,4.96363926156034,6.91843924240556e-07,5.88759179528713e-05
"161","ELOB",389.712813877174,0.754443214162175,0.152131564199931,4.95914978676408,7.08023617419753e-07,5.95089479925145e-05
"162","POLR1D",552.444167501993,0.782181871573324,0.157710709475305,4.95959896557183,7.06388543413297e-07,5.95089479925145e-05
"163","SLC4A1",12401.2386059455,1.46582717106741,0.295837475715364,4.95483936753751,7.23900672689837e-07,6.04701322659192e-05
"164","EIF5A",599.34961739531,0.557163295575534,0.112500112987752,4.95255765330824,7.32443455928616e-07,6.081067131661e-05
"165","EPB41",11344.6723920729,1.148574911315,0.232141048835376,4.94774585140055,7.50778465534014e-07,6.19551490103705e-05
"166","EIF2AK1",2008.12368766687,1.03460776639449,0.209360028566181,4.94176359011835,7.74190570300191e-07,6.35022819590808e-05
"167","FTL",10191.2921810583,0.737222540273399,0.149227977766712,4.94024345371682,7.8025089649733e-07,6.35995168199252e-05
"168","DCAF12",14846.0408189873,1.34597007429789,0.272511557342454,4.939130242489,7.84717892607773e-07,6.35995168199252e-05
"169","DPM2",1072.256903185,1.16409310609247,0.236320057847954,4.92591748958286,8.39654259382891e-07,6.7649304116908e-05
"170","SSBP3",584.312374776223,0.656431406788784,0.133517086079623,4.91645995327758,8.81232145188217e-07,7.01687537361565e-05
"171","GABARAPL2",779.654391654977,0.788138123026647,0.160277646735203,4.91733026457982,8.77324687839646e-07,7.01687537361565e-05
"172","KEL",103.050314384765,1.58271141604667,0.322002677788066,4.91521196941218,8.86864504700611e-07,7.02066691628111e-05
"173","PLCL2",852.575996019299,0.370586158487384,0.0755067725154288,4.90798568316053,9.20165698571984e-07,7.13405487482948e-05
"174","PCGF5",1345.51035541008,0.777637624264383,0.158417284715456,4.90879278521376,9.1638740588967e-07,7.13405487482948e-05
"175","SOX6",266.404753326461,1.10872608665523,0.225861822418434,4.90886894820673,9.16031635816582e-07,7.13405487482948e-05
"176","CA1",771.243286572881,1.81655509009075,0.370154132532796,4.90756398601007,9.22145753503223e-07,7.13405487482948e-05
"177","EPB42",1213.08927460758,1.35340322615817,0.276043859007846,4.90285576727756,9.44533374822104e-07,7.26596973535467e-05
"178","ZER1",1711.84534955037,0.948312038122548,0.193494945177429,4.90096543479714,9.53668360234587e-07,7.29502718705289e-05
"179","LHPP",215.281038189961,0.531715508728031,0.108556384525514,4.89805837816072,9.67882822977225e-07,7.34992962646334e-05
"180","LYL1",2245.1859020183,1.0890112314395,0.222369878925195,4.89729650752675,9.71641695625295e-07,7.34992962646334e-05
"181","FOXO4",1589.4269294732,1.25064949552696,0.2556231491395,4.89255178858801,9.95369124889315e-07,7.48781547209553e-05
"182","GNA12",763.948382187994,0.989545702987075,0.202463361702767,4.88752974693668,1.02109070885716e-06,7.63910499549404e-05
"183","MAP2K2",1084.45758649399,0.459987663880806,0.0941807330720011,4.88409517400067,1.03904881013943e-06,7.73097737642543e-05
"184","ALAD",245.330365880895,0.572811702998384,0.117523465057667,4.87401986247867,1.09349988316334e-06,8.08291101036399e-05
"185","DOHH",83.0136428932528,0.859889011082067,0.176453761206931,4.87316906820512,1.09822160466902e-06,8.08291101036399e-05
"186","ASPM",27.9115980874494,1.36202029706516,0.279822314952652,4.86744703436403,1.13049116082844e-06,8.27568153002154e-05
"187","SPTB",1892.74244600821,1.40297929939307,0.288684440296465,4.85990619360113,1.17441386927587e-06,8.55124023746535e-05
"188","ADIPOR1",9035.52507825408,1.20877057812111,0.248943570654992,4.85560070879006,1.20022335557682e-06,8.69268149443293e-05
"189","GMPR",1272.5044692502,1.39516809773414,0.287675598925739,4.84979644761006,1.23588235117012e-06,8.90358417647216e-05
"190","TNS1",5674.31804622549,1.42310494771047,0.29369760944297,4.84547678276832,1.26307982616862e-06,9.00885875197536e-05
"191","OR2W3",441.697964147409,1.54552401478983,0.318968921053708,4.84537493397231,1.26372798298127e-06,9.00885875197536e-05
"192","TMEM63B",1320.33602375253,1.17204009021165,0.241993667746003,4.84326759922424,1.27721089479469e-06,9.05755392891899e-05
"193","E2F2",1004.38410849923,1.38579482256189,0.286239203490499,4.84138722321413,1.28935843741673e-06,9.09632356677007e-05
"194","YBX1",5803.60440517386,1.00062120087721,0.206979010993784,4.83440903535511,1.33541751066125e-06,9.35071948102581e-05
"195","SLC14A1",339.70436376962,1.19682264951567,0.247591842049638,4.83385332734722,1.33915268713281e-06,9.35071948102581e-05
"196","ST6GALNAC4",848.393019041849,1.21570626066836,0.251552931290587,4.83280498633509,1.34622645861477e-06,9.35215278596871e-05
"197","ATP5F1E",245.658904426636,0.720892369081863,0.149266120022386,4.82957799783197,1.36822712256419e-06,9.45674137098174e-05
"198","CDC34",2044.45398209514,1.09181569740443,0.226162162471556,4.82757896136472,1.38202897961771e-06,9.48520867564629e-05
"199","GSPT1",3257.80426726301,1.21042808846615,0.250763677807686,4.82696736245208,1.38627829498649e-06,9.48520867564629e-05
"200","ST13",898.27809071155,0.653033697317245,0.135580479938757,4.81657608537915,1.46042493380533e-06,9.89310741228524e-05
"201","UBE2O",1412.76135993744,1.18415100642745,0.245841165400143,4.81673199238244,1.45928480005496e-06,9.89310741228524e-05
"202","TCF3",649.315004470876,0.562022388800858,0.116844972227022,4.80998350283218,1.50942753200416e-06,0.000101243178698367
"203","PPM1A",1744.87277643308,0.735887017299871,0.152975621063109,4.81048556747672,1.50564075636318e-06,0.000101243178698367
"204","HECTD4",1287.42597370568,0.47749717953407,0.0993976607456047,4.80390761666074,1.5559864354843e-06,0.00010355638936358
"205","WDTC1",1657.40406374409,0.579987919934427,0.120767156315243,4.80253023777807,1.56673150770398e-06,0.00010355638936358
"206","MFHAS1",384.644438182261,0.626332995158876,0.130398613185891,4.80321822338711,1.56135557629299e-06,0.00010355638936358
"207","FAM83A",18.5603187029931,3.18448846504957,0.665316131446003,4.78642905911266,1.69774910222015e-06,0.000111674163168259
"208","GCLC",187.158927493409,0.609773243852742,0.127461809659839,4.78396819784734,1.71867888525788e-06,0.000112507363950343
"209","TNIP1",2651.36795655821,0.478652005187472,0.100138650092898,4.77989272616946,1.75388751993646e-06,0.000113718726054547
"210","ANK1",1937.41740724986,1.41124941063829,0.295222321185418,4.78029372905018,1.75039268183569e-06,0.000113718726054547
"211","UBXN6",4968.55455852193,1.16354704267425,0.244044758239374,4.76776084464378,1.86284727151807e-06,0.000119790522710933
"212","SHISA7",65.5060758355349,1.85962117254964,0.390060961899505,4.76751419443188,1.86512858509971e-06,0.000119790522710933
"213","SLC25A38",248.741110222965,0.646596057483509,0.135956609600471,4.75590013154659,1.97564125155279e-06,0.000126292635122736
"214","MARCH8",5808.30654543436,1.24834408086698,0.262679832315358,4.75234078636192,2.01075091941233e-06,0.000127936376255693
"215","RPIA",500.441305818023,1.03589125457154,0.218079407215262,4.75006451915485,2.03351758545661e-06,0.000128186923349894
"216","RBM38",6205.01157129599,1.21269064002789,0.255291842460644,4.75021304378277,2.03202455858976e-06,0.000128186923349894
"217","MARK3",1210.89177566122,0.431777393523005,0.091090001771169,4.74011840078443,2.13593366931017e-06,0.000134022455489987
"218","SELENBP1",2520.55561293665,1.42629004108782,0.301044318644958,4.73780753447781,2.16042848410714e-06,0.000134937588255059
"219","FBXW7",473.383325691091,0.315432113842801,0.06659989937349,4.73622508157059,2.17735761411428e-06,0.000135373978419087
"220","SELENOK",169.761047979909,0.833380073560133,0.175993528393282,4.73528817319822,2.18744065389057e-06,0.0001353826906517
"221","RCL1",117.383110032638,0.76254203579341,0.161097349494477,4.73342384704815,2.20763814845832e-06,0.000136014484295966
"222","TMCC2",728.958252409706,1.32811157574281,0.280785190258956,4.72999154448976,2.24529188453316e-06,0.000137711235584701
"223","KCNH2",88.0753853372063,1.21062031422132,0.25619347866608,4.7254142475626,2.296467294432e-06,0.000140218379735364
"224","XK",378.639847857819,1.44224684290931,0.306065472509977,4.71221673938507,2.45036555639997e-06,0.000148947220606884
"225","DCAF11",502.136761355532,0.504098265707099,0.107033869204239,4.70970795931139,2.48071985808209e-06,0.000149860545677141
"226","ALAS2",18811.7064059284,1.6319450055292,0.346546978054566,4.70915953355174,2.48740329928274e-06,0.000149860545677141
"227","YBX3",11930.395944619,1.28458336545751,0.273238956766023,4.70131851131869,2.58486947882897e-06,0.000155046620368878
"228","SMIM5",74.3697804386517,0.871946955323263,0.185761845141904,4.6938969337712,2.68049120343844e-06,0.000160077053622885
"229","RANBP10",1416.40189611559,1.09778868919363,0.234000486307096,4.69139490485043,2.71348645956617e-06,0.000161339876128616
"230","MAP2K7",575.324779225169,0.510766684478513,0.108948043809445,4.68816755784865,2.75662275463112e-06,0.000163192067074162
"231","MXD4",938.373855387049,0.379783455878433,0.0811232866545218,4.68155903860022,2.84701376991829e-06,0.000167813590871028
"232","IFIT1B",170.710050808498,1.50071305952526,0.320708143981672,4.67937309259918,2.87753403095876e-06,0.000168881480023855
"233","UBAP2",456.901831232152,0.517865952975069,0.110701551035838,4.67803701149061,2.89634275976699e-06,0.00016925580693986
"234","ZDHHC3",525.186460531419,0.399722515776265,0.0855622582973819,4.67171535359646,2.98694706837872e-06,0.000173804578132669
"235","FURIN",3194.26380448496,0.772171808644699,0.1655579810624,4.66405668690575,3.10035915515615e-06,0.000179636128751515
"236","FUNDC2",141.778759995334,0.708176144911189,0.151896814988457,4.6622185262081,3.12818767553897e-06,0.00018048052283957
"237","LRRC8A",477.311115310085,0.521748655108522,0.111942161871948,4.66087706708181,3.1486475321287e-06,0.000180894450622213
"238","TESC",934.504725350296,1.06879764918758,0.229880465596616,4.64936264337945,3.32962335374323e-06,0.000190488031867932
"239","AKT2",1225.40520127508,0.375265711211943,0.0807866684842444,4.64514403493604,3.39839269334143e-06,0.000193608849006431
"240","IFT52",68.9642204768884,0.750001228517638,0.16181707836053,4.63487065837777,3.57160726846032e-06,0.000202629185697315
"241","PCBP2",816.170485019702,0.487111581194805,0.105130310097404,4.6334076323326,3.5969528685023e-06,0.000203220374512561
"242","RETREG2",1433.31207563494,0.564878055613043,0.122209959584335,4.62219329369169,3.79703957773262e-06,0.000213638392109121
"243","UBAC1",267.981636801257,0.486710414827539,0.105426260554847,4.61659564008088,3.90086290210491e-06,0.000217680939651887
"244","FAH",71.4157752949499,0.795594560565937,0.17230721908935,4.61730254118594,3.88760298579834e-06,0.000217680939651887
"245","RAB2B",575.846087452705,1.14492379467541,0.248743245231865,4.60283371155736,4.16780993862714e-06,0.000231628163772846
"246","OPTN",1123.7755578835,0.794048042846969,0.172698379518912,4.59788936676161,4.26792509189599e-06,0.000236227918907544
"247","CLK3",1313.89538067498,0.360277392510101,0.0784043042155154,4.59512262897941,4.32494844349455e-06,0.000237453620994443
"248","WBP2",2523.7126186763,0.762008678387484,0.165808418995923,4.59571765415736,4.31262350407232e-06,0.000237453620994443
"249","PSME4",687.953279135772,0.404713239349758,0.0881849302871392,4.58936961260807,4.44586600397871e-06,0.00024311209441837
"250","MPP1",3610.55705490991,1.10299186605366,0.240764531643966,4.58120578858651,4.62302646020046e-06,0.000251788513128358
"251","SESN3",1466.07865429324,0.617846324348186,0.134960260732248,4.57798703852499,4.69471775122683e-06,0.000254674409962966
"252","CARM1",837.82850996571,1.06502035806108,0.232870550882341,4.57344371809036,4.79772597824759e-06,0.000259229511586584
"253","NUDT1",51.4914544435686,0.817873312213691,0.179124186743547,4.56595687652525,4.9722098406483e-06,0.000267595293242163
"254","UBALD1",470.748686354182,0.585322024241614,0.128783158451686,4.54501994887165,5.49300514785816e-06,0.000294459677532428
"255","KLF1",510.052053492235,1.29043549098776,0.28408683859448,4.54239801242533,5.5617906039452e-06,0.000296977807307129
"256","PTMS",469.889601117824,1.02260635182183,0.225626679013704,4.53229359352367,5.83466781201871e-06,0.000310331394251745
"257","GYPC",6761.82637031747,1.13236087145834,0.250423106196517,4.5217906951834,6.13186764974223e-06,0.000324869688400351
"258","MFSD2B",206.00592154789,1.15107174743063,0.254622052174751,4.52070721133232,6.16333831169012e-06,0.000325271373844855
"259","HECTD3",353.95275835443,0.509011081029252,0.112941873644763,4.50684112635008,6.57998630080544e-06,0.000345919279813772
"260","RBX1",131.477890305429,0.690600268195955,0.153381105756919,4.50251199316839,6.71549639714438e-06,0.000351685380551992
"261","SIAH2",1267.84515133639,1.08551893652488,0.241474394801462,4.4953790542363,6.94461228203951e-06,0.000362290577901341
"262","ASCC1",120.008031054302,-0.532158828364825,0.118455059579053,-4.49249555279385,7.03933889132216e-06,0.000365830680703216
"263","SERF2",324.679500616657,0.742333647671143,0.16527912854728,4.49139376638709,7.07585924103452e-06,0.00036633041606816
"264","DENND1A",682.684546495316,0.410987005346937,0.0916097148757831,4.48628189602171,7.24768361538824e-06,0.000373804773133054
"265","C6orf62",2104.89526726846,0.410924523014934,0.0916367860643098,4.48427471830528,7.31623552633805e-06,0.000375916463874034
"266","RIOK3",1585.00635229575,0.965483756606561,0.217213383330861,4.44486311939595,8.79478448467854e-06,0.000450187163696928
"267","MKRN1",9041.03710000907,1.1265992110455,0.253513779294361,4.44393679184347,8.83275640753918e-06,0.000450437495299826
"268","ISCA1",241.015891333931,0.749370660025707,0.169019447790139,4.43363571366152,9.26571355819771e-06,0.000470753566449328
"269","PHLPP2",167.029459140296,0.683748270781851,0.154296867883528,4.43138140236251,9.3631306436927e-06,0.000473934523585576
"270","PTPA",451.878369457864,0.485432565124584,0.109610590575721,4.42870130135132,9.48022101893943e-06,0.000478084034792145
"271","NAPA",432.866150393029,0.510027129049548,0.115599628403619,4.41201356866628,1.02413693593452e-05,0.000514562676003114
"272","BIRC2",444.484022541013,0.34379484326115,0.0779642069510671,4.40964971883735,1.03537955789556e-05,0.0005164002952493
"273","ASCC2",3642.92314948118,1.05329978628098,0.238855479664047,4.40977861492843,1.03476349368717e-05,0.0005164002952493
"274","MT2A",168.440117930551,0.894339415353216,0.203348312202932,4.39806657682364,1.0921947872433e-05,0.000542749059237402
"275","CDC42BPA",68.786241638651,1.12314580395156,0.255672330999781,4.39291103405523,1.11842903921016e-05,0.000553764719923109
"276","FOXO3",3326.3456373555,0.848495536409933,0.193214504619038,4.39146915022201,1.1258731205843e-05,0.000555430739488254
"277","CHP1",767.573741178202,0.497646115738152,0.113417095023617,4.38775226639798,1.14528119484804e-05,0.000561567352783901
"278","RUNDC3A",346.047285311584,1.40893979044729,0.321125196303517,4.38750931619707,1.14656084073094e-05,0.000561567352783901
"279","SLC25A37",21603.3559920624,0.980307719476164,0.223994421655527,4.376482736627,1.20609739116208e-05,0.000588610110324832
"280","ANP32B",1044.80548081507,0.593214406672931,0.135683976254484,4.37202994081127,1.23096639015169e-05,0.000598601370296621
"281","RAB5A",302.897361966053,0.409898345608919,0.093831617419194,4.368445912828,1.25133798117983e-05,0.000606342275862796
"282","RNF11",976.208141700955,0.884353212905716,0.202510606729405,4.36694762406884,1.25994925197018e-05,0.000608349965064751
"283","ARHGEF12",783.343657718805,0.992904861221998,0.227595703659043,4.36258174147897,1.28536536760028e-05,0.000618428793118214
"284","CCDC124",278.166899078918,0.615502402401395,0.141139317093218,4.36095635913326,1.29495195092049e-05,0.000620847386046951
"285","PCSK1N",88.9494447143515,1.20625107071916,0.276910794523947,4.35609985083065,1.32400396756912e-05,0.000632548702541091
"286","ORMDL3",555.40959822739,0.483567951144954,0.1110702369025,4.3537131515209,1.33850825700441e-05,0.000637242252705318
"287","MYBL2",95.7227558447566,1.01796789202807,0.234899446764279,4.3336325651273,1.46668893705198e-05,0.000693419539652933
"288","SFRP2",91.0979119136973,1.32838211964097,0.306528589037233,4.33363205635483,1.46669232829057e-05,0.000693419539652933
"289","SKA3",25.828051681657,1.21991907577914,0.281591364845472,4.33223183689808,1.47605391612432e-05,0.00069543080006743
"290","ARL6IP1",284.184989829971,0.550155836168003,0.127103122023116,4.32842110729543,1.501821102677e-05,0.000705130901174137
"291","CHMP4B",821.81509760673,0.532874596222877,0.123243276550542,4.32376200258152,1.53390773074749e-05,0.000717721225493395
"292","IRS1",79.3646686133798,-0.895639981186186,0.207658616679293,-4.31304029425087,1.610247567303e-05,0.000750860646451974
"293","YPEL3",3246.46438204905,0.701726634071328,0.162813864473039,4.30999310987751,1.63259632620164e-05,0.000758683671589129
"294","TRIM58",5471.14476562394,1.27391557117042,0.295640883212165,4.30899663581439,1.63996862552804e-05,0.000759517442353394
"295","WDR45",187.674676036512,0.56836504972946,0.132095624461821,4.30267885136296,1.68745356188545e-05,0.00077718393552379
"296","SHARPIN",795.914571705063,0.800740498029956,0.186114564311481,4.30240642903065,1.68953029461693e-05,0.00077718393552379
"297","CTSE",29.8138501005242,1.63333229098075,0.380225167829434,4.29569746869952,1.74144941155633e-05,0.000798369534941109
"298","BAG1",2576.5377686737,0.966620213392772,0.225096111344157,4.29425549655487,1.75280529360902e-05,0.000800879089858404
"299","AKAP1",156.438471383921,-0.486072722087,0.113237919632272,-4.29249074572782,1.76679916536114e-05,0.000804573158379841
"300","GSE1",1763.511263055,0.632978266390007,0.147542353140258,4.29014620492244,1.78555529357089e-05,0.000810404029242043
"301","DYRK3",20.7623345677726,1.73971001633299,0.408033295808256,4.26364719302347,2.01116910313645e-05,0.00090977005010983
"302","RAB6A",439.835656613655,0.473146039403957,0.111020510693052,4.26178943377504,2.02796482038409e-05,0.000914330099150657
"303","RHBDD1",363.65290992487,0.510809653081838,0.1199756569944,4.2576108010451,2.06623259452619e-05,0.000928509010134279
"304","SNCA",3343.13419397124,1.18453440225557,0.27833543264313,4.25578012474729,2.08321357345682e-05,0.000933060395269345
"305","GATA1",261.229028089928,1.01189476321461,0.237814871470291,4.2549684002458,2.09078540696126e-05,0.000933381445940475
"306","TXNRD2",311.433343717448,0.469112232540401,0.110447302552987,4.24738514836381,2.16279973872239e-05,0.000957222607540846
"307","PINK1",408.797550022948,0.724046513141285,0.170462305522979,4.24754617110163,2.16124634479132e-05,0.000957222607540846
"308","ABCG2",28.5998024636243,1.64551958625097,0.387442876846061,4.24712824673964,2.16528028145256e-05,0.000957222607540846
"309","TBC1D25",306.89198204906,0.490690468963021,0.115563034434554,4.24608501640642,2.17538116532302e-05,0.000958575726441368
"310","GNPNAT1",34.9306950030016,-0.803025685650527,0.189408371592311,-4.23965255019976,2.23866017537046e-05,0.000981023864560086
"311","SUDS3",475.895562437793,0.324934096034739,0.0766454394166724,4.23944462329036,2.24073459076224e-05,0.000981023864560086
"312","CEP192",569.976125222732,0.336905692051235,0.0796433653424699,4.23017900615482,2.33505424584201e-05,0.00101904162215977
"313","NRXN3",15.9447996619537,2.1364399297193,0.505391281356593,4.22729874560672,2.36513556839075e-05,0.00102887175396832
"314","SLC6A19",31.8912338318357,2.61488182299351,0.619328654436417,4.22212310743643,2.42011858563713e-05,0.00104943740961895
"315","MRC2",285.961482118005,1.22870329349693,0.291571847662462,4.21406697302046,2.50812858861287e-05,0.00108414853531914
"316","UBL7",382.748554116148,0.606286785171607,0.144199415768806,4.20450236874512,2.61657198512517e-05,0.00112744443510963
"317","KANK2",209.397175807707,1.27482171931045,0.303297467122571,4.2032059529045,2.63160943560627e-05,0.00113034681625284
"318","TRIM10",137.945285046615,1.20745960811348,0.287808217144844,4.19536182841439,2.72436326048139e-05,0.00116650723756964
"319","SMIM24",82.2663663167987,1.44257624559463,0.344178670867345,4.19135863927675,2.77288934548934e-05,0.00118356305104022
"320","CLPB",173.976669513318,0.457363404672991,0.109223829328979,4.18739580440297,2.82173492264301e-05,0.00119690787248309
"321","MICAL2",3316.58925911729,0.695572829195049,0.166084106324804,4.18807581644656,2.81329541431286e-05,0.00119690787248309
"322","PLBD2",259.452085061054,0.628243306304416,0.150162735687825,4.18374973941922,2.86739763520751e-05,0.00121249957145918
"323","ATP1B2",45.9381082447506,1.36728789922588,0.327401958007328,4.1761750832146,2.96451678524416e-05,0.00124968608507382
"324","BPTF",1668.94901675906,0.332499579331546,0.0796717101429611,4.17337068245323,3.00126042225608e-05,0.00126127042930367
"325","MARCH2",909.466120963151,0.771504358244625,0.185031084705196,4.16959323063926,3.05143771887217e-05,0.00127841156862042
"326","UBB",2008.774386261,1.11914362352971,0.268711220783307,4.16485631030719,3.11548717102789e-05,0.00130124151290539
"327","MMP24OS",442.10397759269,0.552672284295598,0.132754495611853,4.16311539393361,3.13934610443126e-05,0.00130719683663413
"328","ZBTB16",282.068216897604,-1.32846952184378,0.319238483723479,-4.16137022814106,3.16343746120446e-05,0.00131321233145609
"329","BLVRB",2477.08184479373,1.00646206236877,0.241903798204651,4.16058809261564,3.17429145923626e-05,0.00131371284221766
"330","INPP5K",662.018451993642,0.48367807177189,0.116288118339495,4.15930774939386,3.19213568657074e-05,0.00131709453055597
"331","ACKR1",43.1902730947496,1.55241960707619,0.373875344305027,4.1522385220718,3.29238838647807e-05,0.00135435529517479
"332","EIF3B",728.608409769716,0.469895533329262,0.113383172170708,4.1443145780204,3.40831605114081e-05,0.00139782022145582
"333","DMTN",12974.4769515796,1.21807601149421,0.294519857138436,4.13580266990849,3.53716055344448e-05,0.00144630564851952
"334","PBX1",131.631100254162,1.02031058181403,0.246796021690325,4.13422621169434,3.56152547022354e-05,0.00145190810786119
"335","STAU1",697.960755744082,0.480992240787647,0.116437203836162,4.13091541999281,3.6132151439528e-05,0.00145986757863684
"336","CCS",184.76143680987,0.619002176360072,0.149799125554336,4.13221488489626,3.59284291789345e-05,0.00145986757863684
"337","ACHE",37.4164251257916,1.57626879690746,0.381569696530669,4.13101148031226,3.61170542177144e-05,0.00145986757863684
"338","BBOF1",79.6518346936656,1.05923407222735,0.256611880831824,4.1277670729577,3.66302877891874e-05,0.00147561538028869
"339","IL15RA",121.375129277058,0.415996089733537,0.10092890400869,4.12167449770109,3.76128405593424e-05,0.00151011066519209
"340","HEBP1",146.283436273816,0.838767042877419,0.203530386127207,4.12109001922292,3.77084038018001e-05,0.00151011066519209
"341","SEC62",536.800226572926,0.560488199784405,0.136069984139859,4.1191171096802,3.80326828755305e-05,0.00151863052795667
"342","TMPRSS9",108.982752202561,1.04713094481766,0.254605468947123,4.1127590430319,3.90958390397231e-05,0.00155651738118383
"343","HEMGN",504.86926065712,1.11902825209097,0.272378071233376,4.10836396272217,3.98471802346826e-05,0.00158180526552606
"344","CD36",602.76885123085,0.629913540637637,0.153546491882462,4.10242873617605,4.08835798540218e-05,0.00161822913747779
"345","EIF1",2729.39262789032,0.517170170946385,0.126288985475831,4.09513283361802,4.21926406167484e-05,0.00166520288300767
"346","DNAJB2",918.590628529153,0.740294886671836,0.18086000366048,4.09319292098189,4.25473432490906e-05,0.00167434862913184
"347","UBE2M",332.617442599683,0.559826821694555,0.136886282887442,4.08972184711077,4.31890807630477e-05,0.00169470467916328
"348","KLC3",141.585695910638,1.35467417040811,0.33144763058174,4.08714392687151,4.36716212298329e-05,0.00170871492719944
"349","WDR13",410.348087835042,0.436971053278525,0.107008677359166,4.08351045973465,4.43604316110691e-05,0.00173069236910119
"350","NAP1L1",1024.0634125287,-0.349407608973458,0.0856914941643577,-4.07750631939371,4.55212930668974e-05,0.00177090836113964
"351","DDB1",1094.88250418367,0.501002057218249,0.122944720459206,4.07501888122544,4.60106138001139e-05,0.00178484477920898
"352","ASAP1",1577.55428961836,0.427491696497414,0.105154220251455,4.06537840778195,4.79545908936061e-05,0.00185140682825076
"353","BTF3",971.377877710146,0.569903323393945,0.140191918450846,4.06516530832527,4.7998429081413e-05,0.00185140682825076
"354","TGM2",231.562652707228,1.16285140964884,0.28623485703778,4.06257791829788,4.85337395772287e-05,0.00186676666125295
"355","SND1",1130.17323049869,0.331604807349678,0.0816424722932096,4.06167032961419,4.87228497071921e-05,0.00186876146933275
"356","RIC3",75.6095889128632,-0.789533162372477,0.194783070623634,-4.05339724774151,5.04791770621745e-05,0.00191771019417572
"357","SH3GL1",593.116131831883,0.445657212132201,0.109936601324978,4.05376559545275,5.03997189332756e-05,0.00191771019417572
"358","POP7",58.7254660102091,0.679309133891269,0.167556329701852,4.05421350002131,5.03032589132835e-05,0.00191771019417572
"359","FAXDC2",1043.56754465097,1.11163771955453,0.274274475276591,4.05301192695201,5.05624235979057e-05,0.00191771019417572
"360","TSEN2",70.2465278573279,-0.72710652979761,0.180246780061417,-4.03395017403283,5.48469527351972e-05,0.00207443363456235
"361","FECH",1479.62578607487,1.16101962923962,0.288143278282311,4.02931359759883,5.593995252299e-05,0.00210991244751532
"362","TBCEL",190.33100997124,0.625234545879643,0.155617841815727,4.01775618132532,5.87549441526555e-05,0.00220996497122253
"363","TRIP12",2260.21143312295,0.374222049449761,0.0933876354183867,4.00719054265809,6.14452907190004e-05,0.00229845900667557
"364","CLIC2",26.213619709829,1.08693877742187,0.271237509759626,4.00733209202933,6.14084891354417e-05,0.00229845900667557
"365","TMEM25",30.0973861105956,-0.935859612579582,0.233774007432117,-4.00326632913344,6.24739045711293e-05,0.0023305333825767
"366","MTX3",105.532484935542,-0.582095850331352,0.145556289242007,-3.9991116382717,6.35806859051136e-05,0.00235889542039244
"367","UBQLN1",637.595445740927,0.291761291235788,0.0729536546773171,3.9992690225909,6.35384237080741e-05,0.00235889542039244
"368","NPLOC4",1030.45605378609,0.224650172951483,0.0562305670409829,3.99516108005366,6.46502819176649e-05,0.0023920604309536
"369","DCAF6",361.459564848275,0.475112013624053,0.11899039882641,3.99286008207415,6.52810922129862e-05,0.00240885461130629
"370","SLC11A2",239.033693480076,0.409312655030666,0.102549839646227,3.99135343792538,6.56972844184924e-05,0.00241766006660052
"371","FBXO7",5198.98663123553,0.978431874051892,0.245452134163909,3.9862430912844,6.71277380102788e-05,0.002463642266167
"372","C12orf10",75.5689703099571,0.588866962567586,0.148103565568026,3.97604851921753,7.00698353161155e-05,0.00256470666038771
"373","ITLN1",30.7803145417255,1.73939533968568,0.437608978836186,3.97477068297723,7.04471002467909e-05,0.00257160245833862
"374","HSPB1",222.51540823723,0.811241861302729,0.20465912321123,3.96386854675148,7.37448708022108e-05,0.00268478652631792
"375","LYST",4774.17883448254,0.360494241046551,0.0910963484058909,3.95728530676472,7.58063683286875e-05,0.00274515827437077
"376","MED16",734.105184727525,0.455301279984276,0.115045351030776,3.95758086619665,7.57126592006069e-05,0.00274515827437077
"377","ARL4A",81.5272902156694,0.872210470882656,0.220616553910406,3.95351325828826,7.70119945080855e-05,0.00278141993958115
"378","MED25",1301.28525301727,0.643870737559564,0.162917024995334,3.95213905715505,7.74557064656716e-05,0.00279004470697509
"379","DNAJA4",274.885960301137,0.767700279733667,0.194408795194384,3.94889685400326,7.85121703245129e-05,0.00282063776026007
"380","CD27",101.189458244228,-0.635908880014904,0.161135069991925,-3.94643375924789,7.93238540756861e-05,0.00284229893972248
"381","CASC3",1554.57997390563,0.487965155713172,0.123825688938106,3.94074250583883,8.12297846743461e-05,0.00290295209481863
"382","EPN1",1072.66353948575,0.335007872340409,0.0851501422436782,3.93431958553517,8.34327104610871e-05,0.00295120097141465
"383","BRD4",2968.05735255773,0.456801232716036,0.11607696109979,3.93533073564295,8.30822024004763e-05,0.00295120097141465
"384","BABAM1",58.3444595673952,0.762983025965887,0.193932116124918,3.93427886629373,8.3446854729336e-05,0.00295120097141465
"385","CDC7",42.7580679124157,0.798618372071215,0.202963749300445,3.93478330403242,8.32717925764731e-05,0.00295120097141465
"386","YOD1",539.200647996339,0.965955430872976,0.246014931011848,3.92640977887012,8.62232128897185e-05,0.00304149032825494
"387","NPRL3",2327.62471750521,1.03598603543782,0.264036666593417,3.92364457862629,8.72193826362254e-05,0.00306867988107195
"388","SCML1",40.7395798993446,-1.0138897129459,0.258503548948854,-3.92215007131876,8.77622990780568e-05,0.00307982336146088
"389","FLCN",387.176534700594,0.405506470087787,0.103499273018319,3.91796442875509,8.92998798039184e-05,0.00312572535581016
"390","RAB3IL1",106.257303622075,1.13466928109216,0.290055742140446,3.91190077024143,9.15725389557103e-05,0.00319705561646398
"391","SIRPG",123.904326972995,-0.678655813708797,0.173744608625684,-3.90605394364146,9.38155772554974e-05,0.0032669895138385
"392","SERINC2",53.9618955187476,1.28566408726908,0.329437679494737,3.90260181907824,9.51641849911996e-05,0.00330549883377595
"393","AKR1E2",48.5928104107842,1.23788673568777,0.317321249474862,3.9010521285176,9.57755224024371e-05,0.00331826848099639
"394","RNF40",610.745436649294,0.397977156587111,0.102226892117932,3.89307694229805,9.89807417466005e-05,0.00342061365386222
"395","FAM20B",216.890368133755,0.577137637008735,0.148322386390688,3.89110269227011,9.97896848003735e-05,0.00343115239455021
"396","RFNG",91.1217040536557,0.634193838935458,0.162973518122795,3.89139196502841,9.96707671627546e-05,0.00343115239455021
"397","HDAC6",262.636599456401,0.466806914852105,0.120161192140378,3.88483924416095,0.000102397619814163,0.00351195463826108
"398","ZMYND8",584.26560238839,0.27340618373371,0.0704234921335614,3.88231505497033,0.000103466703405801,0.00353970510948086
"399","ZDHHC2",400.10495155439,0.505923686087293,0.130666323403719,3.87187511600939,0.000108001286885139,0.00367636380557015
"400","JAZF1",393.961510583569,0.667877770166571,0.172494084150255,3.87188797492209,0.000107995588016095,0.00367636380557015
"401","DAP",452.46244906151,0.548779165087263,0.141821491815,3.86950636369784,0.00010905593498765,0.00370300651070285
"402","GLUL",6272.16271524871,0.63799577613262,0.16492016152135,3.86851292314571,0.000109501133783082,0.00370887422286181
"403","ODC1",1012.80478797474,0.755039090759071,0.195724297551436,3.8576666270096,0.000114474637281451,0.00386770883678472
"404","CYB5R3",863.333810761791,0.471610300229986,0.122502463258089,3.84980258916421,0.000118213063024129,0.00398413135182313
"405","KTI12",40.3149266652933,-0.664991814852021,0.172870464358653,-3.84676362916669,0.000119688336156077,0.00402389230889172
"406","GFOD2",295.659260438374,0.566331042580547,0.147484564103868,3.83993434175051,0.000123067219599081,0.00412729867502732
"407","HDLBP",1349.21951025337,0.393374171237092,0.102567040245791,3.83528831771309,0.000125417084227657,0.00419577154507071
"408","RMC1",287.427758785427,0.322674790745111,0.084155353669071,3.83427526208236,0.000125935053149437,0.00420277373451652
"409","PLVAP",314.108387844014,1.26502273495229,0.330018842884841,3.83318335369631,0.000126495596544146,0.00421115902822761
"410","ATG4D",160.402657955504,0.429223173755987,0.111994662357985,3.83253241466095,0.000126830881363637,0.00421202263572509
"411","SLC22A23",317.1597189597,0.426219862818122,0.111323480271632,3.82866095973764,0.000128842354507595,0.00426841240626622
"412","RNF5",155.316312305156,0.517720696816092,0.135650275869711,3.81658417940376,0.00013531192434865,0.00447186204352237
"413","SRSF5",1313.35045366283,-0.213439862875461,0.0559487440852221,-3.81491785678594,0.000136228241033926,0.00449124389810638
"414","CMSS1",38.9392457191415,-0.940821890960486,0.246767880426163,-3.8125784009479,0.00013752458500744,0.00452303079580025
"415","SLC43A1",104.655008361781,0.652385152410469,0.17140151515081,3.80618077871984,0.000141129243134355,0.00463039945666839
"416","GUK1",6737.62187124435,0.936148385558612,0.246731205404161,3.79420342888993,0.000148118202064688,0.00484802269065576
"417","POC1B",202.463340651333,0.462033272505362,0.121876416414221,3.79099817749031,0.000150043055363554,0.0048992475823265
"418","PITPNM2",287.829718880019,-0.480390071206618,0.126850974344719,-3.78704281688175,0.000152450837970915,0.00496595839667937
"419","WIPI2",922.422753459777,0.372944744125798,0.0989016864864172,3.77086334293214,0.000162683747829473,0.00528663940440599
"420","MGMT",95.8567463577278,-0.670176526521876,0.17777512362774,-3.76979924325758,0.00016337891327239,0.00529658876932585
"421","PPP2R5B",335.02459339323,0.767321847003386,0.203829298165451,3.76453166404244,0.000166861524290488,0.00539664255282491
"422","COX6B1",249.344649795593,0.420485631834607,0.111747649900679,3.76281409236197,0.000168012097495259,0.00542097800828305
"423","ARMCX2",13.867816099168,-1.32999529971632,0.353667136797843,-3.76058491540465,0.000169516517598206,0.00545658842462689
"424","EVPL",52.8892690333125,1.35647000183179,0.361607728977481,3.75121960381623,0.000175976480274435,0.00565116923447337
"425","TMEM56",40.9569409177735,1.06003559829971,0.282775904291357,3.74867724658571,0.000177769681725511,0.00569532232088133
"426","TBC1D31",172.6659352239,0.464836926952147,0.124344949056123,3.73828555546991,0.000185279434423839,0.00590811423680326
"427","ELL2",140.509321721618,0.516419570455936,0.13813051364739,3.73863498237772,0.000185022141348172,0.00590811423680326
"428","CASTOR2",86.7457688887284,0.793215215012088,0.212373653072163,3.73499821440921,0.000187716519111095,0.0059718414117212
"429","IFRD2",151.99051602959,0.651678508207931,0.174640078950181,3.7315518415096,0.000190303836175433,0.00604003970481283
"430","MYL6",450.797675342947,0.455019436530137,0.121961183079606,3.73085456405533,0.000190831367854521,0.00604269745280733
"431","AGPAT3",854.197686318078,0.313352950788587,0.0843349966047305,3.71557435707551,0.00020274263085327,0.0064049736930351
"432","PCDH1",41.7018381145934,1.22217410766466,0.329113321724811,3.71353581574733,0.000204383524359296,0.00644186589739854
"433","TNFRSF10A",124.980434624426,-0.426720009851206,0.115007476270053,-3.71036756644593,0.000206958540382835,0.00650796186109164
"434","ZBTB44",678.777886590476,0.32296180469412,0.0870814897871732,3.70873081619799,0.000208300727511721,0.00653312245489773
"435","ROGDI",418.626656378314,0.651174674093159,0.175602859748084,3.70822363045409,0.000208718292294397,0.00653312245489773
"436","DPCD",59.781276662336,0.677199301460029,0.182686880572381,3.70688524177695,0.000209823962132822,0.00655266758807456
"437","OSBP",345.639285169834,-0.232481373928382,0.0627889191293691,-3.70258601600358,0.000213412969411375,0.00657427826132418
"438","EXOC7",664.018361994729,0.217184247150149,0.0586553273517053,3.70271988847462,0.000213300347968505,0.00657427826132418
"439","LNPK",207.896219559066,0.429389174978199,0.115931142214306,3.70382941784914,0.000212369091963867,0.00657427826132418
"440","UBAP1",751.667452020268,0.507296809727704,0.137005200790449,3.70275585744821,0.000213270098253257,0.00657427826132418
"441","ALDH5A1",178.571296338417,0.79331218006919,0.214125631488718,3.70489125731306,0.000211481439945349,0.00657427826132418
"442","PLSCR4",9.11739601047507,2.08414017983797,0.562669311246483,3.70402319476241,0.000212206842269678,0.00657427826132418
"443","SWT1",120.397831698974,0.554582534374351,0.150233739134023,3.69146463085504,0.000222966405923493,0.00685307129357626
"444","ARAF",556.023135476909,0.277923088306912,0.0753769361879582,3.68711043937749,0.000226814937124176,0.00695565807180807
"445","CCNDBP1",843.932320640176,0.461729527297437,0.125342563894182,3.68374088539662,0.00022983588034682,0.00703246145348832
"446","MCF2L",83.1442358098459,-0.730894035640195,0.198677830854801,-3.67879009195723,0.00023434303834998,0.00715429329635275
"447","BCL2L13",370.920928111504,0.362143662521217,0.0984891221083032,3.67699147651034,0.000236000922991218,0.00718878874149535
"448","RTN4R",24.2444775995139,-0.995809938392598,0.27094483138748,-3.67532361954705,0.000237548108941087,0.00720368608316667
"449","HEATR1",262.764089068363,-0.412499378743948,0.11222510648182,-3.67564256943496,0.000237251501359904,0.00720368608316667
"450","PATZ1",390.398245367937,-0.337750332784249,0.0920406304625426,-3.66957865332856,0.000242950580011369,0.00734375094409314
"451","EIF1B",462.706716258841,0.697057332962933,0.189971747048348,3.66926842434908,0.000243245569608256,0.00734375094409314
"452","NFIA",104.532811767395,0.570996143537047,0.15578480851354,3.66528770671127,0.000247060681733275,0.00743004902831916
"453","DIAPH3",11.4625778024294,1.69075227258378,0.461305292208065,3.66514822427225,0.000247195373812322,0.00743004902831916
"454","PPP3R1",442.34572017106,0.491413605934491,0.134293726398173,3.6592446952993,0.000252959714589119,0.00758656271772124
"455","RASGRP2",1964.69687140316,-0.247156100168216,0.0676020600474187,-3.65604391337855,0.000256137496407487,0.00766498494743811
"456","GYPA",46.2683828748538,1.31741187817841,0.360672761110577,3.65265143428591,0.000259546439637122,0.00774996561863828
"457","SH3GLB2",504.890336117752,0.366137782451452,0.100717739349461,3.63528594680884,0.000277672470023619,0.0082730598508569
"458","DACT1",44.8720432226819,-1.59287088123159,0.439595684411157,-3.62349071594108,0.000290653641302106,0.00864091698683291
"459","PYGO2",287.350273243164,-0.323351909890793,0.0893711328463457,-3.61808001747865,0.000296796643333284,0.00880432046977342
"460","AFF1",1889.72500966705,0.37918175487715,0.105023790061453,3.61043678442073,0.000305681799900452,0.00904818127705339
"461","TERF2IP",468.41260610778,0.323211499416723,0.0896129977004601,3.60674799092301,0.000310058524653457,0.00915782401666262
"462","PIGU",61.1935474564067,-0.578442873241417,0.160523419327592,-3.60347963969635,0.000313985353147217,0.00925373283214828
"463","WNT16",20.3115612548262,-1.34119409186353,0.372355997230794,-3.60191349632602,0.000315883484711992,0.00928956701476994
"464","PDE7A",928.168205135574,-0.321116092166287,0.0891666630680649,-3.60130211356193,0.000316627378257526,0.00929137582403982
"465","MRPS16",193.657077846566,0.395921920545138,0.110128033320832,3.59510570203058,0.000324259895444901,0.00949488760511349
"466","UBE2D3",2968.09490425862,0.275992968162258,0.0767989349784884,3.59370827524581,0.000326004829267206,0.0095051001184203
"467","ZRANB1",148.002225694222,0.432009924410432,0.120206195305822,3.59390731327397,0.00032575575960687,0.0095051001184203
"468","CDC14B",83.4485485130096,-0.658424408854683,0.183276989912618,-3.59250994447586,0.00032750815177632,0.0095285277662102
"469","AIFM2",45.9671411687315,-0.762071989741685,0.212383425722289,-3.58818955457553,0.000332982171233308,0.00966373365988374
"470","VPS28",717.948143272922,0.395740859440081,0.110304098496246,3.587725794736,0.000333574825216316,0.00966373365988374
"471","GAB1",348.09483732195,0.435181441532124,0.121353731627566,3.58605735230041,0.000335715155682267,0.00970509036044532
"472","ZNF793",41.0763947582706,-0.788253901599528,0.219858795436015,-3.5852734480615,0.000336725203464186,0.00971366603891602
"473","TFAP4",125.27290693305,-0.458443652777916,0.128046158894165,-3.5802999225993,0.000343200049612939,0.00983791973795741
"474","PRR5",332.368876068725,0.47435122065084,0.132473173793677,3.58073417482718,0.000342630105455468,0.00983791973795741
"475","CNTLN",51.4715112136586,0.727350231218709,0.203108070168456,3.58109961172616,0.000342151165749298,0.00983791973795741
"476","GSK3A",387.242263099249,0.426633473619689,0.119195661387478,3.57927015676183,0.000344555136285577,0.00985601415055551
"477","COPS3",217.437704441058,0.416273856019497,0.116328812196894,3.57842436588217,0.00034567186908778,0.00986722886687467
"478","SRGAP2",565.227378726975,0.553996660885348,0.15488736478513,3.57677116951332,0.000347864436043881,0.00988835524253337
"479","KIF15",17.6903441337859,1.26737210426126,0.354298321860675,3.57713267622996,0.000347383876047681,0.00988835524253337
"480","MGAT5",583.493631028263,-0.329525321415607,0.0921919593841981,-3.57433905968256,0.000351113700877852,0.00993921860946535
"481","AQP1",23.4941776231973,1.47807215586904,0.413497460378786,3.57456162974991,0.000350815174505441,0.00993921860946535
"482","KCNC4",174.274805302494,-0.536332592099798,0.150157313930598,-3.57180464980672,0.000354529825152097,0.0100150997910186
"483","MBNL3",2006.63963392762,0.871234104228442,0.244195793115466,3.56776868722094,0.000360034117967106,0.0101495332303108
"484","TMEM203",136.739429648202,-0.409919944902087,0.114940104034124,-3.56637875306243,0.000361948153362324,0.0101747511161399
"485","VRK1",102.76198736398,0.66888139490707,0.187570066851227,3.56603484839402,0.000362423200009388,0.0101747511161399
"486","CDH1",37.4264775317199,1.29126244836674,0.362293565034685,3.56413299320709,0.000365060838046874,0.0102277126972145
"487","RHOBTB3",82.8782569799742,0.583506255335311,0.163833398279974,3.56158305608823,0.000368625456927172,0.0103063741714997
"488","ACP5",173.200486017549,0.677029318808824,0.190154239235,3.56042190556755,0.000370259417047647,0.0103308447182802
"489","RAP1GAP",269.54152532853,1.78954822120183,0.502777189063621,3.55932659660775,0.000371806929305451,0.0103528080765297
"490","COL6A3",25.5470232232786,-1.21049317155961,0.340695340624473,-3.55300770870787,0.000380853304266134,0.0105830583487504
"491","USP32",1388.74021858217,0.424427192924127,0.119649495315156,3.54725435160581,0.000389268577462316,0.0107948695534153
"492","HEPACAM2",14.0596342479431,1.61161437093574,0.456315296825309,3.53180001229,0.000412741373516299,0.0114225336215405
"493","PLXDC1",48.0637697742049,-0.867860386201716,0.246711503322462,-3.51771350145513,0.000435282036885886,0.0120219071282723
"494","SPDYE2B",30.6182508652613,-0.981622379940885,0.279217501450615,-3.51561909565508,0.000438729935546791,0.0120926048631682
"495","SPTA1",124.028423292263,1.08878196156671,0.310577184970667,3.5056727095699,0.000455454901292779,0.0125282301737424
"496","HDAC1",597.594048792518,-0.236924948304799,0.0677707535949472,-3.49597629857938,0.000472330652171769,0.0129662382257476
"497","TMEM204",319.310942025931,-0.594785377896754,0.170451938815285,-3.48946091215371,0.000483995835583734,0.0132597329925717
"498","POMGNT2",50.3885057276155,0.692903548304067,0.198617767181344,3.48862822363432,0.000485505900465148,0.0132743942585009
"499","TROAP",11.6368484525408,1.51515578337291,0.434472471469935,3.48734588004331,0.000487840002357998,0.0133114819080291
"500","NT5M",97.7348906862671,1.03187556550089,0.296077489648301,3.48515372352898,0.000491854383056415,0.0133941785593923
"501","TUBB4B",459.776527007314,0.472916646569149,0.135786289327365,3.48280116432817,0.000496196755467107,0.013485459126627
"502","CDK8",140.074418257547,0.418526264016885,0.120373917594935,3.47688496294729,0.000507275416609907,0.0137590877939452
"503","NSD2",391.878890237424,0.33872270322301,0.097445390950109,3.47602590456466,0.000508903127526693,0.0137757951976212
"504","IFNK",45.0652010311439,0.707852949840093,0.203752609829649,3.47408040776463,0.000512607396098138,0.0138485363199846
"505","RIPOR3",232.528787442907,0.347702740879835,0.100130974078986,3.4724793609374,0.000515674660876568,0.0139038142227631
"506","SLC22A17",21.777767262424,-1.2938317280352,0.372845004948749,-3.47015974697864,0.000520148905130092,0.0139967341744097
"507","KLHL36",831.875254806842,-0.229624812325458,0.0662080895006859,-3.46822894388274,0.000523900747303247,0.0140445631374999
"508","PRDX6",1202.38888911185,0.818767220196422,0.236079553313462,3.46818353688292,0.000523989282744562,0.0140445631374999
"509","SMOX",384.860006083672,0.95699817691036,0.276583797794819,3.46006593495509,0.00054004313468457,0.0144464190999314
"510","C6orf106",617.41457236286,0.305070949524822,0.0882230391446642,3.45795103504177,0.000544300300380367,0.0145317507646649
"511","TIPIN",15.3214770662027,-1.00679600349555,0.29137371757122,-3.45534254732313,0.000549594088848338,0.014644370085634
"512","CPA5",5.32999392908725,-2.57052054488807,0.746721723395165,-3.44240761230372,0.000576560768301262,0.0153109309486644
"513","NSUN3",165.853410592044,0.401222970455957,0.116560797760801,3.4421776288742,0.000577051198012315,0.0153109309486644
"514","CAPRIN2",222.593676206872,0.459876238401353,0.133617324788998,3.44174110002253,0.000577983145388772,0.0153109309486644
"515","NAP1L4",1029.81499496067,0.304905920427118,0.0886543694134451,3.43926557082788,0.000583294725066757,0.0154216329640951
"516","TNK1",60.1717337535465,-0.692672112266974,0.202028912312875,-3.42857912927956,0.000606749631825623,0.0159509228293531
"517","NME4",176.069827999731,0.527166052470985,0.153758003873474,3.42854381034228,0.000606828585899303,0.0159509228293531
"518","PIGC",174.21536729208,0.597110425540179,0.174156171627541,3.42859182054822,0.00060672126333634,0.0159509228293531
"519","RCAN3",532.867097074503,-0.505531365787626,0.148022576186434,-3.41523150597588,0.000637278226097399,0.0167190372380389
"520","FBXL17",230.569639664905,-0.323126023220545,0.0947053231064176,-3.41190983380583,0.000645094475208854,0.0168915507200841
"521","MASTL",61.4905172062556,0.585111373085364,0.171618895543208,3.40936451801166,0.000651144113901909,0.0170172327349105
"522","PDHX",135.248603427593,0.385939414226447,0.113270582745075,3.40723429573092,0.000656247681589063,0.017117755617848
"523","TOP3B",20.5757885084192,-0.826565169456297,0.24271722803309,-3.40546559531246,0.000660513356373347,0.0171960800389665
"524","GTPBP1",1191.09393702628,0.327831517910578,0.096359470256698,3.40217227260846,0.00066852482455811,0.0173714389526397
"525","STOM",941.140548365782,0.567266984962199,0.166999694258449,3.39681451203315,0.000681751623245165,0.0176813906706784
"526","RHAG",17.7186524954861,1.62431855486078,0.479070046178185,3.39056588450664,0.000697484873121116,0.0180550456890059
"527","PIM1",6742.47779938067,0.74236980177404,0.219056689326856,3.38893920133316,0.000701635656201929,0.0181280286429705
"528","SLC34A3",18.2028666940451,-1.14356743309055,0.337959358920442,-3.38374246164834,0.000715050408731605,0.0184396332675938
"529","RMND5A",1168.05451245994,0.399331875861911,0.11808208148344,3.38181602869113,0.000720083517882357,0.0185343235907111
"530","DPH1",87.7826022210015,-0.543084345319791,0.160721869382539,-3.37903203469578,0.000727415314292916,0.0186174566154367
"531","VPS13B",1582.60768170469,0.191836013498181,0.056764435507603,3.37951063518436,0.000726149978462457,0.0186174566154367
"532","RGCC",253.880277414861,0.580155766805794,0.171656720084246,3.37974398276434,0.000725533790113713,0.0186174566154367
"533","DNA2",43.707506235897,0.6597872167843,0.195317903126912,3.37801710043748,0.000730105402776888,0.0186512479628707
"534","MBLAC2",44.8672447802661,-0.695750865267632,0.206145025133321,-3.37505532727586,0.000738008521497019,0.0188178352597442
"535","SLC16A11",19.1719051524675,-1.00085734407774,0.296631818953849,-3.37407277347229,0.000740647845709619,0.018849833770434
"536","ANK3",306.347465143443,-0.537636234733517,0.15938274018679,-3.37324000141691,0.000742891689108855,0.0188716664904966
"537","MOB1B",224.418889762432,0.397488879985878,0.117946305034397,3.37008336013541,0.000751454474752843,0.0190182232866816
"538","PLEK2",126.408218629533,0.891797977604181,0.264583733609173,3.37056993428587,0.000750128633452953,0.0190182232866816
"539","PNO1",40.9712670799415,-0.582956407606273,0.173141751331786,-3.36693144849374,0.000760095802815638,0.0192012327479364
"540","RPL23A",156.770565961477,-0.495726934792705,0.147270138822871,-3.36610625042556,0.000762373369885979,0.0192231033414213
"541","R3HDM4",9831.96970005161,0.750333578789846,0.223005709205503,3.36463842770233,0.000766440263731563,0.0192899272291478
"542","MBD5",269.518627787224,0.267496833081229,0.0796543297229808,3.35822087777928,0.000784459022298699,0.019672716812806
"543","HIST3H2A",15.1608593686219,1.21257698775474,0.361080234803199,3.35819264218555,0.000784539161967808,0.019672716812806
"544","TUB",59.1903917465939,-0.7433980829635,0.222244241115042,-3.34495993792112,0.000822944564181406,0.020580235410392
"545","MYC",478.438360193806,-0.372392449644513,0.111338491124073,-3.34468741119842,0.000823753547199153,0.020580235410392
"546","NFE2",2701.25819851734,0.571296734844409,0.170966152476332,3.34157800576052,0.00083303605180346,0.0207740272552306
"547","TMEM63A",1424.27599921355,-0.244732668774383,0.0737198934002542,-3.31976427916999,0.000900934849863783,0.0224261954584008
"548","UBE2E3",156.551838660751,0.390031805144373,0.117594782447779,3.31674413631045,0.000910729794235484,0.0226286439385225
"549","CARMIL2",330.396378097884,-0.432410921158076,0.130480633232398,-3.31398545857694,0.000919762904161277,0.0227860785936374
"550","MCPH1",135.730648726675,-0.410641390662806,0.123919032723192,-3.31378789552116,0.000920412986670137,0.0227860785936374
"551","SEH1L",124.447376847887,-0.420936799170473,0.127099278432187,-3.31187402763312,0.000926732658147298,0.0229008926920755
"552","KNL1",34.0797189418082,0.785629446126431,0.237412818173838,3.30912817669001,0.000935869815321639,0.0230847887779338
"553","C14orf132",26.0863398741966,-1.08238181806971,0.327249965433878,-3.30750781481262,0.000941300854751661,0.0231767675195273
"554","TAL1",330.551979633118,0.799683754526112,0.241902723566123,3.30580715560866,0.000947032423115085,0.0232758004930235
"555","DDI2",366.121504369442,0.278384073991962,0.0843109145920882,3.30187467825293,0.000960409699974609,0.0235620513060437
"556","C12orf57",10.1159031348872,-1.22293595242558,0.3705652093933,-3.30019095539975,0.000966190624325912,0.0236187639871124
"557","SLFN14",44.6549288629686,0.941392067524095,0.285220948313516,3.30057126971373,0.000964882035903894,0.0236187639871124
"558","TBRG4",275.715436122017,-0.324910749904971,0.0985009096170206,-3.29855583230906,0.000971835514364275,0.0237141798630537
"559","RAB11FIP3",216.928071517794,-0.415230069509214,0.125952970330496,-3.29670724254986,0.000978254123893857,0.0237745307168318
"560","FDFT1",559.889986435172,0.250233865228389,0.0759127243335952,3.29633625225657,0.000979546983853015,0.0237745307168318
"561","C21orf58",58.3964526189628,0.572620719340664,0.173705049651091,3.29651164713315,0.000978935555134238,0.0237745307168318
"562","HIST3H2BB",236.348187220951,0.826690464435775,0.250878932178501,3.29517690966407,0.000983597368584474,0.0238303590225021
"563","NUDT16L1",202.79620759513,-0.370298341863066,0.112455279492013,-3.29284977580235,0.000991774501633287,0.0239435166291809
"564","KIAA0930",1022.30901441921,0.35070138591757,0.106504008431636,3.29284682409568,0.000991784913253381,0.0239435166291809
"565","PEMT",30.1063216381626,-0.806850684806258,0.245107701118557,-3.29182102856894,0.000995409359263029,0.02396840012039
"566","BRK1",295.158343306855,0.366732708713115,0.111416104228308,3.29155925216722,0.000996336256473322,0.02396840012039
"567","C7orf31",43.9216241932451,-0.602775936192741,0.183445804063278,-3.28585294861701,0.00101674074262278,0.0243303021995636
"568","ESYT2",867.827896581362,-0.279710231588864,0.0851244859148209,-3.28589627981723,0.001016584352938,0.0243303021995636
"569","DESI1",253.39129404515,0.321018161734116,0.097692878465533,3.28599348055217,0.00101623361991181,0.0243303021995636
"570","NAT10",286.48422284703,-0.342687684308265,0.104467491321808,-3.28032845407027,0.00103686298609043,0.0247682919624689
"571","SRPRB",112.190179283426,-0.441137577725315,0.134992608728206,-3.26786467704689,0.00108362163664335,0.0258399162951592
"572","OTUD5",694.864964079552,0.271405774239466,0.0830742659823677,3.26702584765626,0.00108683756796904,0.025871294275291
"573","ZNF79",118.058034834149,0.405486072420613,0.124234494405238,3.26387670639981,0.00109898978587245,0.0260694162446678
"574","CMAS",85.3380471178037,0.565199676862709,0.173148383755184,3.26425037649702,0.00109754128865489,0.0260694162446678
"575","RNF4",647.270272020271,-0.198020376381425,0.0607016409697484,-3.26219148639014,0.00110554437500754,0.0261792908001786
"576","TMEM30B",13.0807509747841,-1.13564929570477,0.348268405222889,-3.26084502261401,0.00111080734614758,0.0262582514325442
"577","PSMB7",313.827255843195,0.247016515881932,0.07578134831719,3.25959515589537,0.00111571346886099,0.0263285174904874
"578","SEC14L4",29.3117129132802,1.22240499105343,0.375483444229895,3.2555496383084,0.00113173111533651,0.0266602956166468
"579","GALNT10",728.985848262099,0.241070141272215,0.0740630813352845,3.25492994520289,0.001134203393637,0.0266723893052875
"580","ATP6V0A1",457.563559532592,0.309760806239339,0.0952123906026175,3.25336654482472,0.00114046281459047,0.0267733477301101
"581","BICD1",103.698737611385,-0.481034028182955,0.147914195657678,-3.25211536353296,0.001145495183514,0.0267990763208362
"582","CHAF1A",98.8672587544656,0.409515205717898,0.125917466887646,3.25225098503054,0.00114494871093332,0.0267990763208362
"583","OXLD1",60.8285148142571,-0.609241165895856,0.187464077215602,-3.24990886224655,0.00115441998532334,0.0269615480620284
"584","FXYD5",913.991206088724,-0.246156456124964,0.0757986904781582,-3.24750275462734,0.00116422537167279,0.0271439942820149
"585","GDPD5",323.556971393615,0.420915035401638,0.12980029040992,3.2427896276068,0.00118365574438806,0.0275498403685262
"586","THUMPD3",138.010302926752,-0.395587204445027,0.122066406447351,-3.24075407770483,0.00119213980516321,0.0276527693136324
"587","WAC",1417.98144746619,0.223412092223979,0.0689311794430507,3.24108906925867,0.00119073972752892,0.0276527693136324
"588","ABLIM1",851.765024046098,-0.428992118317726,0.132427648608436,-3.23944525803803,0.00119762453253817,0.0277327476786391
"589","ARHGEF9",117.942139143531,-0.464411847270625,0.143404626449904,-3.23847185943376,0.0012017187533161,0.0277803099238574
"590","SLC29A2",39.6759135801915,-0.75884912299335,0.234541657116028,-3.23545562150585,0.00121448763032229,0.0280279043635055
"591","CENPC",279.985769339238,-0.323994755853401,0.100155324597781,-3.23492292750833,0.00121675570448325,0.028032733793983
"592","HGD",17.0277098988344,-1.05509671080117,0.326388404954945,-3.23264152397452,0.00122651366167249,0.0282098142184673
"593","FSTL1",38.5763399180158,-1.33190609817431,0.413059430580825,-3.224490229654,0.00126197162743178,0.0288305464414615
"594","URB2",101.133695070177,-0.468589711879169,0.145274644819472,-3.22554367599018,0.00125733649763431,0.0288305464414615
"595","NIPSNAP1",89.9139289234001,-0.42383769495798,0.131425104679501,-3.22493709243428,0.00126000352234306,0.0288305464414615
"596","TBL3",174.596475180197,-0.322511008932494,0.100002154951509,-3.22504059126405,0.00125954808974983,0.0288305464414615
"597","FHDC1",57.4186911606256,0.695422098081357,0.21588708649725,3.22123064127884,0.00127641382503963,0.0291116426159793
"598","SETD2",1145.08392240592,0.153120161745404,0.047640090512108,3.21410308207723,0.00130852687718866,0.02978470812376
"599","NOMO3",77.9095954647719,0.606295923338706,0.188658935239585,3.21371432828637,0.00131029965967481,0.02978470812376
"600","CCR7",1057.60740345226,-0.556132313007796,0.173360884472183,-3.20794575259006,0.00133686712245606,0.0302874920788048
"601","NEDD4L",136.436299687238,0.717472093721563,0.223637491884132,3.20819236379779,0.0013357212478786,0.0302874920788048
"602","DDX31",97.2847702913806,-0.447709785414256,0.139649344771367,-3.20595693554627,0.00134614132853173,0.0304469440685847
"603","NBN",466.023968318644,0.29918091298953,0.0933677640054111,3.20432770535439,0.00135378290505486,0.0305690017167942
"604","CAT",1064.02700472106,0.404383809522611,0.126218373750357,3.20384265386297,0.00135606565965638,0.0305698510296047
"605","THOC3",104.3744169812,-0.554590839587074,0.173171640522613,-3.20255001288537,0.00136216645160883,0.0306566254629848
"606","ZNF559-ZNF177",7.33364018789597,-1.62094737712912,0.506584221179315,-3.19975891344502,0.00137542586258018,0.030824763216026
"607","POU6F1",99.335808362621,-0.592411708183722,0.185154766585857,-3.19954878347146,0.00137642890976379,0.030824763216026
"608","CLPTM1",604.762235601433,0.255307017267061,0.0797782252119779,3.20020928754291,0.00137327829000442,0.030824763216026
"609","TMEM170B",453.151977855267,0.40324528521729,0.126053587372286,3.19899888312062,0.00137905703121807,0.0308329072858215
"610","DGKA",919.732777177693,-0.358936498823118,0.11234776035275,-3.19487008638291,0.0013989379704126,0.0312261301723574
"611","ARF1",2924.54632203346,0.353285374619662,0.110635530856159,3.19323613206123,0.00140687850307425,0.0313519765922407
"612","TCP11L2",1793.25318766598,0.426784447316089,0.133879104771815,3.18783463665599,0.00143342487023687,0.0318913611652699
"613","ITSN1",119.422492047104,0.589832328628406,0.185375842126326,3.18181874111978,0.00146353381864145,0.0325081182293996
"614","STXBP2",759.246769792712,0.346797492047712,0.109062556443436,3.17980343902516,0.00147374981723397,0.0326817223313643
"615","ZNF101",440.141011808244,-0.336340650934246,0.105855374877194,-3.17736016073292,0.00148622343407865,0.0328513283740502
"616","UBE2I",474.031546187475,-0.201010499212189,0.0632569958106217,-3.17768013855688,0.00148458434076942,0.0328513283740502
"617","KCNA3",570.609629946343,-0.414986995143884,0.130959168748358,-3.16882734603558,0.00153055286169271,0.0337763496998509
"618","LTBP3",435.672465644224,-0.517573232749497,0.163379431772551,-3.16792161127135,0.00153532911802845,0.0338269276230993
"619","NMT2",140.217185818161,-0.467071174921798,0.147476295246488,-3.16709322092168,0.00153970952558813,0.0338290138017333
"620","CTNNAL1",43.7406493075847,1.01696726387412,0.321117385684307,3.16696419817612,0.00154039281412123,0.0338290138017333
"621","PMEL",42.2367279190617,-0.785433087525721,0.248115762873167,-3.16559124833686,0.00154768110387809,0.033871807128977
"622","SEL1L3",490.71419923249,-0.389066490284436,0.12293845438088,-3.16472573405759,0.00155229198358414,0.033871807128977
"623","RHOT1",270.529726502731,0.336291747727367,0.106247630720416,3.16516938257474,0.00154992694385941,0.033871807128977
"624","AK1",23.5936480908203,0.92184665372462,0.291256182770883,3.16507153583687,0.00155044826827389,0.033871807128977
"625","WDR36",171.882245619631,-0.354763802183885,0.11222847637618,-3.16108543605946,0.00157182387474542,0.0341884247260921
"626","TET3",1476.20381784542,0.307395658800007,0.0972420222616562,3.16114012903676,0.00157152875469302,0.0341884247260921
"627","TTF2",143.883098427453,-0.408877884989523,0.129370906603969,-3.16050877065569,0.00157493863385378,0.0342015381795105
"628","LAS1L",184.202528086888,-0.409254980564509,0.129542290522362,-3.15923841483922,0.00158182030141803,0.0342962822039935
"629","TOR1A",343.395314565746,0.259388182885834,0.0822927028516722,3.15201924225732,0.00162145587637072,0.0350997507355543
"630","SPOCK2",2309.38625995135,-0.380466017809934,0.120804799040429,-3.14942800974823,0.00163590408410869,0.0353563016019426
"631","LUC7L",268.970129064308,-0.364625529150147,0.115991731764429,-3.14354759260491,0.0016691327093551,0.0360172915540079
"632","ACER1",6.29022083854243,-1.7741075533678,0.564869470860681,-3.14073895808995,0.00168522166559634,0.0363069275296832
"633","FAHD1",70.5970766823628,0.67773363331313,0.215849514180924,3.13984321847978,0.00169038273930598,0.0363605866957191
"634","RBM34",11.6191406141439,-0.934720514738852,0.297753584042979,-3.13924185914729,0.00169385580521513,0.0363778243593205
"635","TMEM263",95.3800359745932,-0.534108996635673,0.170368718046431,-3.13501799367951,0.00171843570698444,0.0368475914744885
"636","SBF2",569.713080545966,0.345596686475581,0.110269760745956,3.13410207964248,0.00172380877009934,0.0369046858705545
"637","DYNLL1",169.981137170309,0.367004753768823,0.117161115983481,3.1324791564854,0.00173336734633439,0.0370510671706264
"638","TRIM46",44.2489515687346,-0.583211256842504,0.186262856323721,-3.13111947466806,0.00174141299850785,0.0371647012346127
"639","HMGN1",341.843511651615,-0.327754620983441,0.104706935754469,-3.13020927049192,0.00174681812680747,0.0372217145768552
"640","DYRK1B",294.247375307181,0.30891817652886,0.0987466281546976,3.12839215172902,0.0017576550142133,0.037394110427388
"641","YIPF2",102.843930996624,0.488636855632178,0.156283157407909,3.12661238572755,0.00176832902363583,0.0375625085582301
"642","CD7",554.549496525613,-0.378028035441984,0.120971675702076,-3.12493013962191,0.00177847291649183,0.0377191389890231
"643","AIP",380.41550282503,-0.310102268989138,0.0992740069395459,-3.12370053903413,0.00178592117836647,0.0378182002560465
"644","FBXO21",221.867070390725,-0.363264135402252,0.116367296393413,-3.12170297550038,0.00179808249873642,0.0380166014018557
"645","EPHX1",137.402023106031,-0.447178625386961,0.143269472182519,-3.12124152183149,0.00180090266511244,0.0380171948653813
"646","TSPAN17",194.19845047264,0.391340410066094,0.125515363669795,3.11786859093705,0.00182164005319138,0.0383954349291855
"647","NAXE",94.8850031121287,-0.442654870793952,0.142002141923199,-3.11724080213775,0.00182552394987918,0.0384178270503167
"648","NUDT19",115.656314577575,-0.365279636417775,0.117227075587741,-3.11600058763195,0.00183321907140558,0.038520232833732
"649","BCAS4",143.347728456709,-0.441774761469596,0.141923649144114,-3.11276354669406,0.00185344447698442,0.0387924328640989
"650","TFE3",912.805187998239,0.379766829164313,0.12200831814085,3.11263063823155,0.0018542792693062,0.0387924328640989
"651","KIF14",20.095988744724,1.07602929876332,0.345705513904429,3.11256041771087,0.00185472046082024,0.0387924328640989
"652","AOAH",1583.8474566678,0.285085896740224,0.0917623356610982,3.10678553119135,0.00189133559201956,0.0394975850014392
"653","SSTR3",50.6273753375763,-0.778138496001053,0.250960519193725,-3.10064108291225,0.0019310219823442,0.0402030509351661
"654","PIGQ",297.726543405765,0.413024247846813,0.133198611738629,3.10081495937266,0.00192988849777545,0.0402030509351661
"655","C12orf43",69.8343559359296,-0.459825774779063,0.148426595146444,-3.0980012330363,0.00194830618002837,0.0405009724385746
"656","TTC12",155.411977125727,-0.512389461821155,0.165484828370374,-3.09629267448232,0.00195956841858433,0.0406729932735431
"657","IMPDH2",237.447849023945,-0.281030666478184,0.0908058297005895,-3.09485269177998,0.00196910667450144,0.0406849111988035
"658","ENTPD4",772.353810582758,-0.168522906703247,0.054451155539888,-3.09493719705905,0.00196854574761095,0.0406849111988035
"659","H2AFJ",49.6500901011506,0.564000855604775,0.18219243597053,3.09563266224732,0.00196393497526661,0.0406849111988035
"660","GNB5",175.550000894485,-0.390387179093143,0.126192771202582,-3.0935779868598,0.00197758569503885,0.040798192157044
"661","FAM57A",30.5917610233489,-0.676154277368226,0.218609834687243,-3.09297282226838,0.00198162282036927,0.0408196313496943
"662","AMIGO2",50.1413362092192,-0.646419721552131,0.209103707022327,-3.09138336549486,0.00199226233059477,0.0409768034643177
"663","COX6C",57.8742124785434,-0.53654032281321,0.173586170515528,-3.09091629373328,0.00199539876934865,0.040979411226925
"664","SASH1",91.3771943793824,0.771361729606524,0.250108068599408,3.08411373501906,0.00204159530083844,0.0418650024340605
"665","NPL",925.525718193119,0.443636416260506,0.143895972211835,3.0830356780759,0.00204900587667471,0.0419537804763953
"666","CXXC1",321.454036463827,-0.267652761742565,0.0868289581261206,-3.08252877287546,0.0020524988719677,0.0419621991602286
"667","SH3PXD2B",30.7564323892853,1.09876381492816,0.356898952024639,3.07864119156141,0.0020794696652548,0.0424498635114083
"668","MFGE8",85.6309089739358,-0.532296490623871,0.173043142090377,-3.07609122322723,0.00209733667131416,0.0427289344908574
"669","ZNF346",182.452849150899,0.302059442870954,0.0982053022230346,3.07579566513573,0.00209941665499292,0.0427289344908574
"670","CTC1",915.428004863519,-0.186970401937507,0.0608180340218553,-3.07425922170254,0.00211025985499628,0.042821606834023
"671","PEX11G",49.8045970330035,0.568760094226134,0.184993521608849,3.07448655109514,0.00210865228394231,0.042821606834023
"672","CDR2",177.289269460442,-0.461296011643034,0.150220202143566,-3.07079876781268,0.0021348698014439,0.0432483516454387
"673","SLC35D1",160.031223071185,-0.377798065400971,0.123044778907697,-3.07041118489376,0.00213764252771594,0.0432483516454387
"674","CASD1",134.677530968335,-0.436169581693438,0.142192241290265,-3.06746400320859,0.00215883460391677,0.0436123026215589
"675","PM20D2",93.0605529823585,-0.449457245928695,0.146739945329693,-3.0629508885182,0.00219166025457871,0.044079240807007
"676","ETS1",2902.59703102266,-0.358201401862056,0.116937059847496,-3.06319829085156,0.00218984901476785,0.044079240807007
"677","SLC38A1",1350.94650918346,-0.304646953292826,0.0994374671352457,-3.06370387409882,0.0021861518909264,0.044079240807007
"678","TAX1BP1",493.497079575604,0.263330514359083,0.0860197340070454,3.06128026782221,0.00220392690491272,0.0442605733588371
"679","HAUS7",12.0444181851262,-1.03635158257757,0.338675583858642,-3.06001268461716,0.00221327617392437,0.0443441134382664
"680","MOB2",360.694313079429,0.297765900082414,0.097314410795886,3.05983356059123,0.00221460025984292,0.0443441134382664
"681","LCLAT1",119.171658968002,-0.454121812114058,0.148554550693564,-3.05693639133825,0.00223611722407191,0.0447092101658783
"682","KRT72",29.3542410154836,-1.29919784369286,0.425164438944878,-3.05575378532846,0.00224495523858788,0.0448201034143879
"683","EDAR",56.0278699118786,-0.953534225155785,0.312629622864648,-3.05004438292982,0.00228807550812598,0.0456141085192435
"684","RABL2A",115.37845557584,-0.421417348821514,0.138199474793292,-3.04934117478982,0.00229343864326249,0.045654182115003
"685","CYP1B1",212.464948375847,0.546976136272302,0.179551904069548,3.04633993778443,0.00231645777184867,0.0460450934620313
"686","NET1",45.9400663062729,-0.594035700487495,0.195290233272992,-3.04180956994969,0.00235160615356722,0.04667561135127
"687","ACOX3",184.902308295217,-0.301922612818086,0.0993645128858085,-3.03853563057327,0.00237730990239409,0.0471171057219765
"688","OFD1",289.168308662434,-0.324787579334494,0.106954996387514,-3.03667514659847,0.00239203095353652,0.0473399614292924
"689","SLC41A2",10.1560034367245,-1.33086368817844,0.438476313163972,-3.03520087225498,0.0024037553374722,0.0475029501814535
"690","H1F0",307.122765159426,0.660391154459495,0.217767271721265,3.03255465910771,0.0024249317678497,0.0478519868855674
"691","GPBP1L1",888.930287567404,0.168115112484334,0.0554765206352871,3.03038313432729,0.00244243688565464,0.0480338424214562
"692","PICALM",2682.28863014093,0.292341135042779,0.0964790499733259,3.03009964467524,0.00244473066965843,0.0480338424214562
"693","RFXANK",125.786677119736,0.387345278704503,0.127832309537873,3.03010467466946,0.00244468995357383,0.0480338424214562
"694","NUCKS1",450.110445213588,-0.294200699050855,0.0971103702087694,-3.02954976300037,0.00244918551792359,0.0480520317176479
"695","ORAI1",389.635386124844,-0.253219006332093,0.0836431761236872,-3.02737196346592,0.00246690195612027,0.0481294325687026
"696","TPST2",752.923085990151,0.2588388181256,0.0855007819008647,3.02732691293648,0.00246726967780217,0.0481294325687026
"697","SRSF8",308.839572234957,0.388366686095253,0.128281569722543,3.02745505013107,0.00246622389876472,0.0481294325687026
"698","LRRC75A",144.591230847776,0.47256242552847,0.156094456415124,3.0274132495245,0.00246656500569675,0.0481294325687026
"699","SLC41A1",117.255810159723,-0.393386589485101,0.130042198277038,-3.02506874458584,0.00248576620565088,0.0483517037944891
"700","RXRA",3921.49352132169,0.354899383172816,0.117307302209743,3.02538185166225,0.0024831940100396,0.0483517037944891
"701","MICALL2",41.5417398367379,0.847253587352815,0.280305455621616,3.02260826666364,0.00250606419704162,0.0486769901667884
"702","CRAMP1",96.7876254503025,-0.34651164705067,0.11470418504956,-3.02091546965749,0.00252011703966606,0.0488106879261638
"703","DEAF1",246.548016239421,-0.290744307978211,0.0962349062869626,-3.02119385985831,0.0025178010276233,0.0488106879261638
"704","LAMC1",38.997943065095,-0.921335165860266,0.305135080464894,-3.01943376833811,0.00253247658013344,0.0489710802485249
"705","DENR",186.902784060976,-0.289232432110346,0.0958021031251166,-3.01906140549557,0.00253559133190438,0.0489710802485249
"706","TTC21A",65.8555012904485,-0.495414763839617,0.164171853479793,-3.01765956428453,0.00254734894678204,0.0491284748716491
"707","DGKH",194.756496407264,-0.517873708121238,0.171695679696601,-3.01623028043781,0.00255938804810358,0.0492908453507474
"708","BDH2",12.331021660336,-1.05350119590347,0.349529218486024,-3.01405759571884,0.00257778863636145,0.0495272782182045
"709","GP5",51.1998190188444,-0.713296745465133,0.236667273944989,-3.01392217679801,0.00257893950181456,0.0495272782182045
